-- phpMyAdmin SQL Dump
-- version 5.2.1
-- https://www.phpmyadmin.net/
--
-- Servidor: 127.0.0.1
-- Tiempo de generación: 05-12-2025 a las 16:18:26
-- Versión del servidor: 10.4.32-MariaDB
-- Versión de PHP: 8.2.12

SET SQL_MODE = "NO_AUTO_VALUE_ON_ZERO";
START TRANSACTION;
SET time_zone = "+00:00";


/*!40101 SET @OLD_CHARACTER_SET_CLIENT=@@CHARACTER_SET_CLIENT */;
/*!40101 SET @OLD_CHARACTER_SET_RESULTS=@@CHARACTER_SET_RESULTS */;
/*!40101 SET @OLD_COLLATION_CONNECTION=@@COLLATION_CONNECTION */;
/*!40101 SET NAMES utf8mb4 */;

--
-- Base de datos: `erp_bacs`
--

-- --------------------------------------------------------

--
-- Estructura de tabla para la tabla `campo_formulario`
--

CREATE TABLE `campo_formulario` (
  `id` int(11) NOT NULL,
  `formulario_id` int(11) NOT NULL,
  `tipo_campo` varchar(50) NOT NULL,
  `titulo` varchar(200) NOT NULL,
  `descripcion` text DEFAULT NULL,
  `obligatorio` tinyint(1) DEFAULT NULL,
  `orden` int(11) DEFAULT NULL,
  `configuracion` text DEFAULT NULL
) ENGINE=InnoDB DEFAULT CHARSET=utf8 COLLATE=utf8_unicode_ci;

--
-- Volcado de datos para la tabla `campo_formulario`
--

INSERT INTO `campo_formulario` (`id`, `formulario_id`, `tipo_campo`, `titulo`, `descripcion`, `obligatorio`, `orden`, `configuracion`) VALUES
(1, 2, 'texto_informativo', 'Información General', 'Este formulario debe ser completado durante la visita técnica al proveedor.', 0, 1, NULL),
(2, 2, 'texto', 'Nombre del Proveedor', 'Nombre completo de la empresa proveedora', 1, 2, NULL),
(3, 2, 'texto', 'Dirección del Proveedor', 'Dirección completa de las instalaciones visitadas', 1, 3, NULL),
(4, 2, 'fecha', 'Fecha de la Visita', 'Fecha en que se realizó la visita', 1, 4, NULL),
(5, 2, 'seleccion_multiple', 'Evaluación del Proveedor', 'Complete la evaluación según los criterios establecidos', 1, 5, '{\"menus\": [{\"titulo\": \"Cliente\", \"submenus\": [{\"titulo\": \"Sede\", \"tipo_campo\": \"texto\"}, {\"titulo\": \"Local\", \"tipo_campo\": \"texto\"}, {\"titulo\": \"Proveedor\", \"tipo_campo\": \"texto\"}]}, {\"titulo\": \"Evaluaci\\u00f3n T\\u00e9cnica\", \"submenus\": [{\"titulo\": \"Estado de Equipos\", \"tipo_campo\": \"texto\"}, {\"titulo\": \"Mantenimiento\", \"tipo_campo\": \"texto\"}, {\"titulo\": \"Documentaci\\u00f3n\", \"tipo_campo\": \"texto\"}]}]}'),
(9, 3, 'foto', 'Fotos de la visita', '', 0, 1, NULL),
(10, 3, 'firma', 'Firma proveedor', '', 1, 2, NULL),
(11, 4, 'seleccion', 'Mallplaza', '', 1, 1, '{\"opciones\": [\"Manizales\", \"Cartagena\", \"Cali\", \"NQS\", \"Barranquilla\"]}'),
(12, 4, 'texto', 'Local / Sector / Area que solicita el servicio', '', 1, 2, NULL),
(13, 4, 'texto', 'Proveedor', '', 1, 3, NULL),
(14, 4, 'textarea', 'Descripción del recorrido y viabilidad', '', 1, 4, NULL),
(15, 4, 'foto', 'Fotos de carnetización', '', 0, 5, NULL),
(16, 4, 'foto', 'Registro fotográfico de la viabilidad', '', 1, 6, NULL),
(17, 4, 'firma', 'Firma proveedor', '', 1, 7, NULL),
(18, 4, 'firma', 'Firma encargado de viabilidad', '', 1, 8, NULL);

-- --------------------------------------------------------

--
-- Estructura de tabla para la tabla `cliente`
--

CREATE TABLE `cliente` (
  `id` int(11) NOT NULL,
  `nombre` varchar(200) NOT NULL,
  `tipo_documento` varchar(20) NOT NULL,
  `numero_documento` varchar(20) NOT NULL,
  `correo` varchar(120) NOT NULL,
  `telefono` varchar(20) NOT NULL,
  `direccion` text DEFAULT NULL,
  `contacto_principal` varchar(100) DEFAULT NULL,
  `cargo_contacto` varchar(100) DEFAULT NULL,
  `fecha_creacion` datetime DEFAULT NULL,
  `activo` tinyint(1) DEFAULT NULL
) ENGINE=InnoDB DEFAULT CHARSET=utf8 COLLATE=utf8_unicode_ci;

--
-- Volcado de datos para la tabla `cliente`
--

INSERT INTO `cliente` (`id`, `nombre`, `tipo_documento`, `numero_documento`, `correo`, `telefono`, `direccion`, `contacto_principal`, `cargo_contacto`, `fecha_creacion`, `activo`) VALUES
(1, 'Mallplaza Servicios S.A.S', 'NIT', '901120943', 'correo@correo.com', '3000000000', 'KR 7 # 75 - 66 OF 701', '', '', '2025-10-06 15:27:24', 1);

-- --------------------------------------------------------

--
-- Estructura de tabla para la tabla `formulario`
--

CREATE TABLE `formulario` (
  `id` int(11) NOT NULL,
  `nombre` varchar(200) NOT NULL,
  `descripcion` text DEFAULT NULL,
  `activo` tinyint(1) DEFAULT NULL,
  `fecha_creacion` datetime DEFAULT NULL,
  `creado_por` int(11) NOT NULL
) ENGINE=InnoDB DEFAULT CHARSET=utf8 COLLATE=utf8_unicode_ci;

--
-- Volcado de datos para la tabla `formulario`
--

INSERT INTO `formulario` (`id`, `nombre`, `descripcion`, `activo`, `fecha_creacion`, `creado_por`) VALUES
(2, 'Checklist de Visita de Proveedores', 'Formulario para evaluar proveedores durante visitas técnicas', 0, '2025-09-16 19:23:12', 1),
(3, 'Checklist Proveedores Locales Mallplaza', '', 0, '2025-09-16 19:31:43', 1),
(4, 'CheckList Viabilidad Proveedores Mallplaza', 'En este formulario se deja como evidencia y a conformidad que se brindó la información de los parametros técnicos para instalaciones dentro del centro comercial como lo son (Canalización, cableado, rutas, permisos, protocolos, normatividad, entre otros), se registra evidencia fotografica del recorrido y firmas de nuestro personal y del proveedor.', 1, '2025-09-17 21:41:30', 1);

-- --------------------------------------------------------

--
-- Estructura de tabla para la tabla `incidencia`
--

CREATE TABLE `incidencia` (
  `id` int(11) NOT NULL,
  `indice` varchar(20) NOT NULL,
  `titulo` varchar(200) NOT NULL,
  `descripcion` text NOT NULL,
  `fecha_inicio` datetime DEFAULT NULL,
  `fecha_cambio_estado` datetime DEFAULT NULL,
  `estado` varchar(20) DEFAULT NULL,
  `tecnico_asignado` int(11) DEFAULT NULL,
  `creado_por` int(11) NOT NULL,
  `cliente_id` int(11) NOT NULL,
  `sede_id` int(11) NOT NULL,
  `sistema_id` int(11) NOT NULL,
  `adjuntos` text DEFAULT NULL,
  `titulos_imagenes` text DEFAULT NULL,
  `configuracion_imagenes` text DEFAULT NULL
) ENGINE=InnoDB DEFAULT CHARSET=utf8 COLLATE=utf8_unicode_ci;

-- --------------------------------------------------------

--
-- Estructura de tabla para la tabla `indice`
--

CREATE TABLE `indice` (
  `id` int(11) NOT NULL,
  `prefijo` varchar(10) NOT NULL,
  `numero_actual` int(11) DEFAULT NULL,
  `formato` varchar(20) DEFAULT NULL
) ENGINE=InnoDB DEFAULT CHARSET=utf8 COLLATE=utf8_unicode_ci;

--
-- Volcado de datos para la tabla `indice`
--

INSERT INTO `indice` (`id`, `prefijo`, `numero_actual`, `formato`) VALUES
(1, 'TI_MPMNZ', 0, '000000'),
(4, 'TI_MPBQ', 0, '000000'),
(5, 'TI_MPNQS', 0, '000000'),
(6, 'TI_MPCL', 0, '000000'),
(7, 'TI_MPCG', 0, '000000');

-- --------------------------------------------------------

--
-- Estructura de tabla para la tabla `respuesta_campo`
--

CREATE TABLE `respuesta_campo` (
  `id` int(11) NOT NULL,
  `respuesta_formulario_id` int(11) NOT NULL,
  `campo_id` int(11) NOT NULL,
  `valor_texto` text DEFAULT NULL,
  `valor_fecha` datetime DEFAULT NULL,
  `valor_archivo` varchar(500) DEFAULT NULL,
  `valor_json` text DEFAULT NULL,
  `nombre_firmante` varchar(100) DEFAULT NULL,
  `documento_firmante` varchar(20) DEFAULT NULL,
  `telefono_firmante` varchar(20) DEFAULT NULL,
  `empresa_firmante` varchar(100) DEFAULT NULL,
  `cargo_firmante` varchar(100) DEFAULT NULL
) ENGINE=InnoDB DEFAULT CHARSET=utf8 COLLATE=utf8_unicode_ci;

--
-- Volcado de datos para la tabla `respuesta_campo`
--

INSERT INTO `respuesta_campo` (`id`, `respuesta_formulario_id`, `campo_id`, `valor_texto`, `valor_fecha`, `valor_archivo`, `valor_json`, `nombre_firmante`, `documento_firmante`, `telefono_firmante`, `empresa_firmante`, `cargo_firmante`) VALUES
(1, 1, 9, NULL, NULL, 'fondo-diseno-grafico-ciencia-tecnologia_387612-354.jpg', NULL, NULL, NULL, NULL, NULL, NULL),
(2, 2, 9, NULL, NULL, '17580519152403439033632300197271.jpg', NULL, NULL, NULL, NULL, NULL, NULL),
(3, 3, 9, NULL, NULL, '17580524475668354991339118297273.jpg,1000418437.jpg,1000418438.jpg', NULL, NULL, NULL, NULL, NULL, NULL),
(4, 3, 10, NULL, NULL, 'data:image/png;base64,iVBORw0KGgoAAAANSUhEUgAAAZAAAADICAYAAADGFbfiAAAQAElEQVR4AeybOchsTbWGz/XOF+69igoOgVOskaE4oKliYKCZBgpioiiYOWBioKAgBhpopmAgaKrgEJpp7BSoICoOOI/1/P9Zsk6d3d27u/dQVfuRXn/Vrl3DWs/ae71ff9/xKQ/8nwQkIAEJSOAGAgrIDdBcIgEJSEACDx4oID4FEtiLgOdKoHMCCkjnCdR9CUhAAnsRUED2Iu+5EpCABDon0LGAdE5e9yUgAQl0TkAB6TyBui8BCUhgLwIKyF7kPVcCHRPQdQlAQAGBgiYBCUhAAlcTUECuRuYCCUhAAhKAgAICha3N8yQgAQkMQEABGSCJhiABCUhgDwIKyB7UPVMCEtiLgOcuSEABWRCmW0lAAhI4EgEF5EjZNlYJSEACCxJQQBaEeYStjFECEpBAEFBAgoStBCQgAQlcRUABuQqXky', NULL, NULL, NULL, NULL, NULL, NULL),
(5, 4, 9, NULL, NULL, '38939904-azul-oscuro-fondo-abstracto-de-colores.jpg,fondo-diseno-grafico-ciencia-tecnologia_387612-354.jpg,8687a138-b895-4ac5-a820-1a4d175e692d_Captura_de_pantalla_2025-05-01_005305.png', NULL, NULL, NULL, NULL, NULL, NULL),
(6, 4, 10, NULL, NULL, 'data:image/png;base64,iVBORw0KGgoAAAANSUhEUgAAAZAAAADICAYAAADGFbfiAAAQAElEQVR4AeydvY40ORWGe1lA/AQQIIFAAkRCxF4L90EIAQEIJAghIIHL4F4gIUEIJBCIBAj4h2/99Ddn1lPT3dXVZZftqgfVGbv8d44fV513umeX/dDJ/0lAAhKQgAQeIKCAPADNKRKQgAQkcDopID4FEmhFQL8SGJyAAjL4ARq+BCQggVYEFJBW5PUrAQlIYHACAwvI4OQNXwISkMDgBBSQwQ/Q8CUgAQm0IqCAtCKvXwkMTMDQJQABBQQKmgQkIAEJLCaggCxG5gQJSEACEoCAAgKFrU1/EpCABHZAQAHZwSG6BQlIQAItCCggLajrUwISaEVAvwUJKCAFYbqUBCQggSMRUECOdNruVQISkEBBAgpIQZhHWMo9SkACEggCCkiQsJSABCQggUUEFJBFuBwsAQlIoBWB/vwqIP2diRFJQA', NULL, 'Pepito Perez', '1023589666', '312155215', 'Claro', 'Tecnico'),
(7, 5, 9, NULL, NULL, 'Figma-Logo.png,Captura_de_pantalla_2025-05-01_005305.png', NULL, NULL, NULL, NULL, NULL, NULL),
(8, 5, 10, NULL, NULL, 'data:image/png;base64,iVBORw0KGgoAAAANSUhEUgAAAZAAAADICAYAAADGFbfiAAAQAElEQVR4Aeydya40yVmGj2nPNrQbtYXEArBZAAu4ApC4BXZsWCBxB7BEAokt3AArdmy5AzZwA7CBBWCQkJAamTYe2kN7iOd0f9ZX+WdWVVblEMPzK78TkZExfPHE8J7MPFX/z7z4TwISkIAEJPAAAQXkAWgWkYAEJCCBlxcFxFkggbMI2K4EGieggDQ+gLovAQlI4CwCCshZ5G1XAhKQQOMEGhaQxsnrvgQkIIHGCSggjQ+g7ktAAhI4i4ACchZ525VAwwR0XQIQUECgoElAAhKQwGoCCshqZBaQgAQkIAEIKCBQONpsTwISkEAHBBSQDgbRLkhAAhI4g4ACcgZ125SABM4iYLsbElBANoRpVRKQgARGIqCAjDTa9lUCEpDAhgQUkA1hjlCVfZSABCQQBBSQIGEoAQlIQAKrCCggq3CZWQ', NULL, 'Pepito Perez', '1023589666', '', 'Claro', 'Tecnico'),
(9, 6, 9, NULL, NULL, 'fondo-diseno-grafico-ciencia-tecnologia_387612-354.jpg', NULL, NULL, NULL, NULL, NULL, NULL),
(10, 6, 10, NULL, NULL, 'data:image/png;base64,iVBORw0KGgoAAAANSUhEUgAAAZAAAADICAYAAADGFbfiAAAQAElEQVR4AezdOY4sy0IG4Lo8HmIGAwkDAwkccFgAwsNhAWwAH5MlwB4w8THYwJNAYgk4IAFCGIAA483zFH+r497oOj1UVmVmRGR+VxUnh8rMiPgiK/5Tdar7/szFfwQIECBA4A4BAXIHmlMIECBA4HIRIO4CAr0E1EtgcgEBMvkAaj4BAgR6CQiQXvLqJUCAwOQCEwfI5PKaT4AAgckFBMjkA6j5BAgQ6CUgQHrJq5fAxAKaTiACAiQKCgECBAgsFhAgi8mcQIAAAQIRECBR2LuojwABAgcQECAHGERdIECAQA8BAdJDXZ0ECPQSUO+KAgJkRUyXIkCAwJkEBMiZRltfCRAgsKKAAFkR8wyX0kcCBAhUAQFSJSwJECBAYJGAAFnE5WACBAj0EhivXgEy3phoEQECBKYQECBTDJNGEiBAYD', NULL, 'Pepito Perez', '1023589666', '', 'Claro', 'Tecnico'),
(11, 7, 9, NULL, NULL, '8687a138-b895-4ac5-a820-1a4d175e692d_Captura_de_pantalla_2025-05-01_005305.png,Captura_de_pantalla_2025-05-01_005305.png,38939904-azul-oscuro-fondo-abstracto-de-colores.jpg', NULL, NULL, NULL, NULL, NULL, NULL),
(12, 7, 10, NULL, NULL, 'data:image/png;base64,iVBORw0KGgoAAAANSUhEUgAAAZAAAADICAYAAADGFbfiAAAQAElEQVR4AeydycosSRmGS20HFJxAnLVRwd7oSkFo1JvQCxBdqQvdKyq414XiRvEC9CYURUFXuulWnAdaEBxAcWiHeOqcrztOnqz6s6oyY8h4mnz/yIyMiC/iich4T9Y/9HMP/icBCUhAAhK4goAGcgU0q0hAAhKQwOGggbgKJFCLgHEl0DkBDaTzCbT7EpCABGoR0EBqkTeuBCQggc4JdGwgnZO3+xKQgAQ6J6CBdD6Bdl8CEpBALQIaSC3yxpVAxwTsugQgoIFAQUlAAhKQwMUENJCLkVlBAhKQgAQgoIFAobSMJwEJSGAHBDSQHUyiQ5CABCRQg4AGUoO6MSUggVoEjLsiAQ1kRZg2JQEJSGAkAhrISLPtWCUgAQmsSEADWRHmCE05RglIQAJBQAMJEqYSkIAEJHARAQ3kIlwWloAEJF', NULL, 'Pepito Perez', '1023589666', '', 'Claro', 'Tecnico'),
(13, 8, 9, NULL, NULL, '8687a138-b895-4ac5-a820-1a4d175e692d_Captura_de_pantalla_2025-05-01_005305.png,Captura_de_pantalla_2025-05-01_005305.png,Figma-Logo.png', NULL, NULL, NULL, NULL, NULL, NULL),
(14, 8, 10, NULL, NULL, 'data:image/png;base64,iVBORw0KGgoAAAANSUhEUgAAAZAAAADICAYAAADGFbfiAAAQAElEQVR4AeyaS47sShGGmzcCCbZwYQ4jGIEQi7gsgCGC5QCbuCwBCSGYMmGOLlsAgXg/8uvb0cpTx662y2nn6zuq6LSz0pkRX6TjL1edTz/5TwISkIAEJPAAAQXkAWheIgEJSEACT08KiLtAArUIuK4EOieggHSeQN2XgAQkUIuAAlKLvOtKQAIS6JxAxwLSOXndl4AEJNA5AQWk8wTqvgQkIIFaBBSQWuRdVwIdE9B1CUBAAYGCJgEJSEACuwkoILuReYEEJCABCUBAAYHC1eZ6EpCABAYgoIAMkERDkIAEJFCDgAJSg7prSkACtQi4bkECCkhBmE4lAQlIYCYCCshM2TZWCUhAAgUJKCAFYc4wlTFKQAISCAIKSJCwlYAEJCCBXQQUkF24HCwBCUigFoH21lVA2suJHklAAhLogoAC0k', NULL, 'Pepito Perez', '1023589666', '', 'Claro', 'Tecnico'),
(15, 9, 9, NULL, NULL, '17580536621268080368127344725091.jpg,1000418437.jpg,1000418438.jpg', NULL, NULL, NULL, NULL, NULL, NULL),
(16, 9, 10, NULL, NULL, 'data:image/png;base64,iVBORw0KGgoAAAANSUhEUgAAAZAAAADICAYAAADGFbfiAAAQAElEQVR4AeydSahtzVWAr4nRGDG/HRgysB0oDpw5CbYgOAsqCjpSUATRgYJzdS4xA3UUEERQUFR0IAhiE3TkSCc6USOoEUWTKJrYJKnvvrPev169fc7Z7dlVe38/e92qXc2qtb7atdY9zX3/W578TwISkEB7BD5VTEI+WEqvRgmYQBrdGM2SwIkJ5KTxjSfm0LzrJpDmt0gDD0tAx64ReM+l45OX0qJRAiaQRjdGsyRwYgIRl/7sxAy6cD02qgtjNVICEjg8Ad++6miLO04gHVHWVAlIYCwB374aS6qBcSaQBjZBEyQggZcEIib59tVLJO1WYrPatVDLJCCB5ghsZJBvX20Ediu1JpCtyKpXAhKYSsC3r6YS23m8CWTnDXB5CUjgJYGIR7599RJJ25XYsLatPJp1+iMBCdQEfPuqJtLBvQ', NULL, 'Pepito', '14634', '36806', 'Gggkj', 'Guih'),
(17, 10, 9, NULL, NULL, '1000418437.jpg,1000418438.jpg,17580538692944060221438262398414.jpg,17580538760455899096958562348751.jpg', NULL, NULL, NULL, NULL, NULL, NULL),
(18, 10, 10, NULL, NULL, 'data:image/png;base64,iVBORw0KGgoAAAANSUhEUgAAAZAAAADICAYAAADGFbfiAAAQAElEQVR4AeydOastTfWHj///6xQ4Y6CBAyiaGAiaOYIfQEFzRROHQD+AJppr4JAomivoBxAcMVEQjBQFNRAMFEdwHup5PetSp27voXcPNfQje92qrq6qtepZvddv73Pee/2/O/8nAQlIoE0C/0lhYV9Pra8GCSggDSbFkCQggbt/ZwzelvXtNkRAAWkoGYZyMAIe9xyBp9zf5BvIfdemNQIKSGsZMR4JSCD/9mGNavh5MDkNJ8fQJHBQAn776CTxHQtIJ4QNUwISmEPg+9nk72V9uw0SUEAaTIohSeDABF6Xnf0NWd9ugwQUkAaTYkgSaJ3ARvHl3z5+sJEPt12RgAKyIky3koAEFhHIv328ftFOLt6FgAKyC2adSEACMwj4n+7OgFVzqgJSg74+JSCBksA/swHrUgaj5a6Jajk7xiaB4x', NULL, 'Pepito', '14634', '36806', 'Gggkj', 'Guih'),
(19, 11, 9, NULL, NULL, '8687a138-b895-4ac5-a820-1a4d175e692d_Captura_de_pantalla_2025-05-01_005305.png,Captura_de_pantalla_2025-05-01_005305.png,Figma-Logo.png', NULL, NULL, NULL, NULL, NULL, NULL),
(20, 11, 10, NULL, NULL, 'data:image/png;base64,iVBORw0KGgoAAAANSUhEUgAAAZAAAADICAYAAADGFbfiAAAQAElEQVR4AeyaS47sShGGmzcCCbZwYQ4jGIEQi7gsgCGC5QCbuCwBCSGYMmGOLlsAgXg/8uvb0cpTx662y2nn6zuq6LSz0pkRX6TjL1edTz/5TwISkIAEJPAAAQXkAWheIgEJSEACT08KiLtAArUIuK4EOieggHSeQN2XgAQkUIuAAlKLvOtKQAIS6JxAxwLSOXndl4AEJNA5AQWk8wTqvgQkIIFaBBSQWuRdVwIdE9B1CUBAAYGCJgEJSEACuwkoILuReYEEJCABCUBAAYHC1eZ6EpCABAYgoIAMkERDkIAEJFCDgAJSg7prSkACtQi4bkECCkhBmE4lAQlIYCYCCshM2TZWCUhAAgUJKCAFYc4wlTFKQAISCAIKSJCwlYAEJCCBXQQUkF24HCwBCUigFoH21lVA2suJHklAAhLogoAC0k', NULL, 'Pepito Perez', '1023589666', '', 'Claro', 'Tecnico'),
(21, 12, 9, NULL, NULL, '38939904-azul-oscuro-fondo-abstracto-de-colores.jpg,fondo-diseno-grafico-ciencia-tecnologia_387612-354.jpg,Figma-Logo.png,Captura_de_pantalla_2025-05-01_005305.png', NULL, NULL, NULL, NULL, NULL, NULL),
(22, 12, 10, NULL, NULL, 'data:image/png;base64,iVBORw0KGgoAAAANSUhEUgAAAZAAAADICAYAAADGFbfiAAAQAElEQVR4Aeycy68t2xSHN9fzEo9E4woShNBAT8v7P9CgoSlEAw0JXUGi6dEhGoimBok/wbunhYZn6F2RiEdyL+F6jG874+x56qx3Va35qO+kxp5Vs2bNOcY3Zs3fqVpr76ff+E8CEpCABCRwAQEF5AJoXiIBCUhAAjc3CoizQAK1CDiuBDonoIB0nkDdl4AEJFCLgAJSi7zjSkACEuicQMcC0jl53ZeABCTQOQEFpPME6r4EJCCBWgQUkFrkHVcCHRPQdQlAQAGBgiYBCUhAAmcTUEDORuYFEpCABCQAAQUECtc2x5OABCQwAAEFZIAkGoIEJCCBGgQUkBrUHVMCEqhFwHEXJKCALAjTriQgAQlsiYACsqVsG6sEJCCBBQkoIAvC3EJXxigBCUggCSggScJSAhKQgATOIqCAnIXLxhKQgA', NULL, 'Pepito Perez', '1023589666', '', 'Claro', 'Tecnico'),
(23, 13, 9, NULL, NULL, '8687a138-b895-4ac5-a820-1a4d175e692d_Captura_de_pantalla_2025-05-01_005305.png,Captura_de_pantalla_2025-05-01_005305.png', NULL, NULL, NULL, NULL, NULL, NULL),
(24, 13, 10, NULL, NULL, 'data:image/png;base64,iVBORw0KGgoAAAANSUhEUgAAAZAAAADICAYAAADGFbfiAAAP6ElEQVR4Aezdy6osTZkG4GV3293Q9GnQ0D1punGsOBAVVFS8EUXwChx7BV6BCDpw4j0IHtCJDgSdq3NFRRHPh3iXK/xz186qXYesioiMR/JbWZWniHiiKt9dq/69/bsn/yNAgAABAlcICJAr0JxCgAABAk9PAsSrgEArAe0SGFxAgAw+gbpPgACBVgICpJW8dgkQIDC4wMABMri87hMgQGBwAQEy+ATqPgECBFoJCJBW8tolMLCArhOIgACJgiJAgACBiwUEyMVkTiBAgACBCAiQKDy6tEeAAIEdCAiQHUyiIRAgQKCFgABpoa5NAgRaCWh3QwEBsiGmSxEgQGAmAQEy02wbKwECBDYUECAbYs5wKWMkQIBAFRAgVcKaAAECBC4SECAXcTmYAAECrQT6a1eA9DcnekSAAIEhBATIENOkkw', NULL, 'Pepito Perez', '1023589666', '', 'Claro', 'Tecnico'),
(25, 14, 9, NULL, NULL, '8687a138-b895-4ac5-a820-1a4d175e692d_Captura_de_pantalla_2025-05-01_005305.png,Captura_de_pantalla_2025-05-01_005305.png', NULL, NULL, NULL, NULL, NULL, NULL),
(26, 14, 10, NULL, NULL, 'data:image/png;base64,iVBORw0KGgoAAAANSUhEUgAAAZAAAADICAYAAADGFbfiAAAP6ElEQVR4Aezdy6osTZkG4GV3293Q9GnQ0D1punGsOBAVVFS8EUXwChx7BV6BCDpw4j0IHtCJDgSdq3NFRRHPh3iXK/xz186qXYesioiMR/JbWZWniHiiKt9dq/69/bsn/yNAgAABAlcICJAr0JxCgAABAk9PAsSrgEArAe0SGFxAgAw+gbpPgACBVgICpJW8dgkQIDC4wMABMri87hMgQGBwAQEy+ATqPgECBFoJCJBW8tolMLCArhOIgACJgiJAgACBiwUEyMVkTiBAgACBCAiQKDy6tEeAAIEdCAiQHUyiIRAgQKCFgABpoa5NAgRaCWh3QwEBsiGmSxEgQGAmAQEy02wbKwECBDYUECAbYs5wKWMkQIBAFRAgVcKaAAECBC4SECAXcTmYAAECrQT6a1eA9DcnekSAAIEhBATIENOkkw', NULL, 'Pepito Perez', '1023589666', '', 'Claro', 'Tecnico'),
(27, 15, 9, NULL, NULL, 'Figma-Logo.png,Captura_de_pantalla_2025-05-01_005305.png', NULL, NULL, NULL, NULL, NULL, NULL),
(28, 15, 10, NULL, NULL, 'data:image/png;base64,iVBORw0KGgoAAAANSUhEUgAAAZAAAADICAYAAADGFbfiAAAQAElEQVR4AeydS6wuyxTHt/crnjMJghAmjJgxM5ZIJMbChBExFiSGEiaYEFOJiZgbMWPEhHCDMDCRuCLX9bZ+++611e3zPfr7vu6uqq7fSa9d1dXVtVb9VnX9d+/vnH1eeOcfCUhAAhKQwBUEFJAroHmLBCQgAQnc3SkgrgIJ1CKgXwl0TkAB6TyBhi8BCUigFgEFpBZ5/UpAAhLonEDHAtI5ecOXgAQk0DkBBaTzBBq+BCQggVoEFJBa5PUrgY4JGLoEIKCAQEGTgAQkIIGLCSggFyPzBglIQAISgIACAoWtTX8SkIAEdkBAAdlBEp2CBCQggRoEFJAa1PUpAQnUIqDfBQkoIAvCdCgJSEACIxFQQEbKtnOVgAQksCABBWRBmCMM5RwlIAEJJAEFJElYSkACEpDARQQUkItw2VkCEpBALQ', NULL, 'Pepito Perez', '1023589666', '', 'Claro', 'Tecnico'),
(29, 16, 9, NULL, NULL, 'Figma-Logo.png,Captura_de_pantalla_2025-05-01_005305.png', NULL, NULL, NULL, NULL, NULL, NULL),
(30, 16, 10, NULL, NULL, 'data:image/png;base64,iVBORw0KGgoAAAANSUhEUgAAAZAAAADICAYAAADGFbfiAAAQAElEQVR4AeydSaouTbWG963Ve68FCpYNi4ZOwJbaE+wJgg0dgIKOQVHQMSjoABTtCPYEsaH2HIAdxY4VinVdr2fzr02cPPmVWUXxSK4TkZGZEWs9KzLeLzOP5//3B/8nAQlIQAISuIOAAnIHNC+RgAQkIIGHBwXEWSCBowg4rgQaJ6CANJ5A3ZeABCRwFAEF5CjyjisBCUigcQINC0jj5HVfAhKQQOMEFJDGE6j7EpCABI4ioIAcRd5xJdAwAV2XAAQUEChoEpCABCRwMwEF5GZkXiABCUhAAhBQQKCwtzmeBCQggQ4IKCAdJNEQJCABCRxBQAE5grpjSkACRxFw3BUJKCArwrQrCUhAAiMRUEBGyraxSkACEliRgAKyIswRujJGCUhAAklAAUkSlhKQgAQkcBMBBeQmXJ4sAQlI4CgC9Y', NULL, 'Pepito Perez', '1023589666', '', 'Claro', 'Tecnico'),
(31, 17, 9, NULL, NULL, 'foto_9_17_20250916_153016_1.png,foto_9_17_20250916_153016_2.png', NULL, NULL, NULL, NULL, NULL, NULL),
(32, 17, 10, NULL, NULL, 'data:image/png;base64,iVBORw0KGgoAAAANSUhEUgAAAZAAAADICAYAAADGFbfiAAAQAElEQVR4Aeycua8sRxWHLzt4YRMSkBBAQGRnkGAyUsgJCSAgJiUjJUaChJAY/gQMEiLDAQQgQCIwAgTY2GaH+sb32PX6zcydnumu9bO6blVvdc75qur8pnvm+a13/icBCUhAAhK4goACcgU0b5GABCQggbs7BcRZIIFaBLQrgc4JKCCdD6DuS0ACEqhFQAGpRV67EpCABDon0LGAdE5e9yUgAQl0TkAB6XwAdV8CEpBALQIKSC3y2pVAxwR0XQIQUECgYJGABCQggdUEFJDVyLxBAhKQgAQgoIBAoXTRngQkIIEBCCggAwyiIUhAAhKoQUABqUFdmxKQQC0C2t2QgAKyIUy7koAEJDATAQVkptE2VglIQAIbElBANoQ5Q1fGKAEJSCAIKCBBwloCEpCABFYRUEBW4fJiCUhAArUItGdXAW', NULL, 'Pepito Perez', '1023589666', '', 'Claro', 'Tecnico'),
(33, 18, 9, NULL, NULL, 'foto_9_18_20250916_154713_1.png', NULL, NULL, NULL, NULL, NULL, NULL),
(34, 18, 10, NULL, NULL, 'data:image/png;base64,iVBORw0KGgoAAAANSUhEUgAAAZAAAADICAYAAADGFbfiAAAQAElEQVR4Aeydy8v0SBWH2/sVURREV6P+CS68jaC4VhQU3M7Cha4EXSooulRcqeDGpQsFBV2KF0bEhf+CzqxUEG/gbcbreZrvfFNf3rzdne5UUpU8H3U6SaVS55ynkvp10v329/yD/yQgAQlIQAJXEFBAroDmIRKQgAQkcDgoIJ4FEliLgH4l0DkBBaTzATR8CUhAAmsRUEDWIq9fCUhAAp0T6FhAOidv+BKQgAQ6J6CAdD6Ahi8BCUhgLQIKyFrk9SuBjgkYugQgoIBAQZOABCQggckEFJDJyDxAAhKQgAQgoIBAYWnTnwQkIIENEFBANjCIpiABCUhgDQIKyBrU9SkBCaxFQL8zElBAZoRpVxKQgAT2REAB2dNom6sEJCCBGQkoIDPC3ENX5igBCUggCSggScKlBCQgAQlMIqCATMJlYw', NULL, 'Pepito Perez', '1023589666', '', 'Claro', 'Tecnico'),
(35, 19, 9, NULL, NULL, 'foto_9_19_20250916_155440_1.png,foto_9_19_20250916_155440_2.png', NULL, NULL, NULL, NULL, NULL, NULL),
(36, 19, 10, NULL, NULL, 'data:image/png;base64,iVBORw0KGgoAAAANSUhEUgAAAZAAAADICAYAAADGFbfiAAAQAElEQVR4AeydO488zVWHl/tF4iIRABkih4wMQcJHgICQABLIiIlICSEiIUSCr+DAlvwF7MySLUeWAwe2A99v9cy7Z7e2/z0z3TNd1XV5Xs3Z7q6urnPOc6rrNz2z+39/+cX/JCABCUhAAg8QUEAegOYlEpCABCTw8qKAOAskcBYB/UqgcwIKSOcFNHwJSEACZxFQQM4ir18JSEACnRPoWEA6J2/4EpCABDonoIB0XkDDl4AEJHAWAQXkLPL6lUDHBAxdAhBQQKCgSUACEpDAbgIKyG5kXiABCUhAAhBQQKBQ2/QnAQlIYAACCsgARTQFCUhAAmcQUEDOoK5PCUjgLAL6PZCAAnIgTIeSgAQkMBMBBWSmapurBCQggQMJKCAHwpxhKHOUgAQkEAQUkCDhVgISkIAEdhFQQHbhsrMEJCCBsw', NULL, 'Pepito Perez', '1023589666', '', 'Claro', 'Tecnico'),
(37, 20, 9, NULL, NULL, 'foto_9_20_20250916_155747_1.png', NULL, NULL, NULL, NULL, NULL, NULL),
(38, 20, 10, NULL, NULL, 'data:image/png;base64,iVBORw0KGgoAAAANSUhEUgAAAZAAAADICAYAAADGFbfiAAAQAElEQVR4Aeycu67sShGG1+F+E7wCEgFERJAhIQQvQIAIAcEjECIB4jVAIiQg4AEgQRBBRgIJIkcEIO73/ubs2qeXlz1jz9ju24dcq+122131Vbv+8czmvO3J/0lAAhKQgATuIKCA3AHNSyQgAQlI4OlJAXEVSKAUAeeVQOMEFJDGE6j7EpCABEoRUEBKkXdeCUhAAo0TaFhAGiev+xKQgAQaJ6CANJ5A3ZeABCRQioACUoq880qgYQK6LgEIKCBQ0CQgAQlIYDMBBWQzMi+QgAQkIAEIKCBQONucTwISkEAHBBSQDpJoCBKQgARKEFBASlB3TglIoBQB592RgAKyI0xvJQEJSGAkAgrISNk2VglIQAI7ElBAdoQ5wq2MUQISkEAQUECChK0EJCABCWwioIBswuVgCUhAAqUI1DevAlJfTv', NULL, 'Pepito Perez', '1023589666', '', 'Claro', 'Tecnico'),
(39, 21, 9, NULL, NULL, 'foto_9_21_20250916_160056_1.png,foto_9_21_20250916_160056_2.jpg,foto_9_21_20250916_160056_3.jpg', NULL, NULL, NULL, NULL, NULL, NULL),
(40, 21, 10, NULL, NULL, 'data:image/png;base64,iVBORw0KGgoAAAANSUhEUgAAAZAAAADICAYAAADGFbfiAAAQAElEQVR4Aezdy841yxzH8eV8JiQGJiQmDLgEA3fA0EhMDNyDmXswFTGUIG7BFTBBIkEMDIQd4rid6vt4/q96++l16O7qrqqu786q3b36UIdP9VO/d63n3bz14j8KKKCAAgqsEDBAVqB5iwIKKKDA5WKA+BQoUEvAdhXoXMAA6XwC7b4CCihQS8AAqSVvuwoooEDnAh0HSOfydl8BBRToXMAA6XwC7b4CCihQS8AAqSVvuwp0LGDXFUDAAEHBooACCiiwWMAAWUzmDQoooIACCBggKBxdbE8BBRQ4gYABcoJJdAgKKKBADQEDpIa6bSqgQC0B2y0oYIAUxLQqBRRQYCQBA2Sk2XasCiigQEEBA6Qg5ghVOUYFFFAgBAyQkHCrgAIKKLBIwABZxOXFCiigQC2B9to1QNqbE3ukgAIKdCFggH', NULL, 'Pepito Perez', '1023589666', '', 'Claro', 'Tecnico'),
(41, 22, 9, NULL, NULL, 'foto_9_22_20250916_160306_1.jpg,foto_9_22_20250916_160306_2.jpg', NULL, NULL, NULL, NULL, NULL, NULL),
(42, 22, 10, NULL, NULL, 'data:image/png;base64,iVBORw0KGgoAAAANSUhEUgAAAZAAAADICAYAAADGFbfiAAAQAElEQVR4AeydOawsz1WHL9gYYxaDDAECCYwDSCCCCLMJUhAghEQGAQFLRooEEikhi0QCmSWEAEEKYrEziCCBAGMJySKw5b8t7/v55s25r/59e2a6Z7q7qrq/pz63uqtrOeer6v69nuo792uf/CcBCUhAAhK4g4ACcgc0q0hAAhKQwNOTAuIskEAtAvYrgc4JKCCdD6DuS0ACEqhFQAGpRd5+JSABCXROoGMB6Zy87ktAAhLonIAC0vkA6r4EJCCBWgQUkFrk7VcCHRPQdQlAQAGBgiYBCUhAArMJKCCzkVlBAhKQgAQgoIBAYWuzPwlIQAI7IKCA7GAQDUECEpBADQIKSA3q9ikBCdQiYL8LElBAFoRpUxKQgASOREABOdJoG6sEJCCBBQkoIAvCPEJTxigBCUggCSggScJUAhKQgARmEV', NULL, 'Pepito Perez', '1023589666', '', 'Claro', 'Tecnico'),
(43, 23, 9, NULL, NULL, 'foto_9_23_20250916_160800_1.jpg,foto_9_23_20250916_160800_2.png', NULL, NULL, NULL, NULL, NULL, NULL),
(44, 23, 10, NULL, NULL, 'data:image/png;base64,iVBORw0KGgoAAAANSUhEUgAAAZAAAADICAYAAADGFbfiAAAQAElEQVR4AeydvZL8zFWH97XfosxHUUBI5OICqCKGDFJnBCQkZNwQATdAQOYYIgw3wAWYjAyKovhwYfxaz+ye2bMaaUaaUUvdrcc1v+2W1Oo+5zndfUbaff/+3pv/k4AEJCABCTxBwATyBDRvkYAEJCCBtzcTiLNAAkcRcFwJNE7ABNJ4ADVfAhKQwFEETCBHkXdcCUhAAo0TaDiBNE5e8yUgAQk0TsAE0ngANV8CEpDAUQRMIEeRd1wJNExA0yUAARMIFJQEJCABCawmYAJZjcwbJCABCUgAAiYQKOwtx5OABCTQAQETSAdB1AUJSEACRxAwgRxB3TElIIGjCDjuhgRMIBvCtCsJSEACZyJgAjlTtPVVAhKQwIYETCAbwjxDV/ooAQlIIAiYQIKEpQQkIAEJrCJgAlmFy8YSkIAEjiJQ37', NULL, 'Pepito Perez', '1023589666', '', 'Claro', 'Tecnico'),
(45, 24, 9, NULL, NULL, 'foto_9_24_20250916_161250_1.png', NULL, NULL, NULL, NULL, NULL, NULL),
(46, 24, 10, NULL, NULL, 'data:image/png;base64,iVBORw0KGgoAAAANSUhEUgAAAZAAAADICAYAAADGFbfiAAAPMklEQVR4Aezdya0kSxkF4MssAQIXEIawARPYI1zAAfAAE5DY4gKsWGMDuACIQWLMc3nRipdk3RpyiIjMD9XfmZVTRHxRHefV7W7xxTf/I0CAAAECLwgIkBfQ3EKAAAECb28CxKeAQCsB7RIYXECADD6Buk+AAIFWAgKklbx2CRAgMLjAwAEyuLzuEyBAYHABATL4BOo+AQIEWgkIkFby2iUwsICuE4iAAImCIkCAAIGnBQTI02RuIECAAIEICJAoHF3aI0CAwAkEBMgJJtEQCBAg0EJAgLRQ1yYBAq0EtLuhgADZENOjCBAgcCUBAXKl2TZWAgQIbCggQDbEvMKjjJEAAQJFQIAUCVsCBAgQeEpAgDzF5WICBAi0EuivXQHS35zoEQECBIYQECBDTJNOEiBAoD8BAdLfnOjRPgKeSoDAxg', NULL, 'Pepito Perez', '1023589666', '', 'Claro', 'Tecnico'),
(47, 25, 9, NULL, NULL, 'foto_9_25_20250916_161545_1.png,foto_9_25_20250916_161545_2.png', NULL, NULL, NULL, NULL, NULL, NULL),
(48, 25, 10, NULL, NULL, 'data:image/png;base64,iVBORw0KGgoAAAANSUhEUgAAAZAAAADICAYAAADGFbfiAAAQAElEQVR4AeydOa/tTlZHD0MzNFMjhBiaUYgQRIrUQCMRE8EnYEggAEEIAgQhCAJIGD4BZAQkSIxCZEiQIkDMIBD03FKPe53/3e/V8bXPsY+nKns9ed9ylctVe6+y9+/6+N77PvfiPwlIQAISkMATBBSQJ6B5igQkIAEJXC4KiFeBBPYi4LwSaJyAAtL4Auq+BCQggb0IKCB7kXdeCUhAAo0TaFhAGiev+xKQgAQaJ6CANL6Aui8BCUhgLwIKyF7knVcCDRPQdQlAQAGBgiYBCUhAApMJKCCTkXmCBCQgAQlAQAGBwtbmfBKQgAQOQEABOcAiGoIEJCCBPQgoIHtQd04JSGAvAs67IAEFZEGYDiUBCUjgTAQUkDOttrFKQAISWJCAArIgzDMMZYwSkIAEkoACkiQsJSABCUhgEgEFZBIuO0', NULL, 'Pepito Perez', '1023589666', '', 'Claro', 'Tecnico'),
(49, 26, 9, NULL, NULL, 'foto_9_26_20250916_161929_1.png', NULL, NULL, NULL, NULL, NULL, NULL),
(50, 26, 10, NULL, NULL, 'data:image/png;base64,iVBORw0KGgoAAAANSUhEUgAAAZAAAADICAYAAADGFbfiAAAQAElEQVR4Aeydu68+2xjHX8elIe5CJYiEhoqOhKhJJESrUdD5D/gPVCQapYJCaCUkdBRCQ0TQEcIRCQnHZX32/j2/vfbsed935p3LusxH5tkzs2ZdnvV51nq+e2afc7xw8n8SkIAEJCCBGwgoIDdAs4kEJCABCZxOCoirQAKlCDiuBBonoIA0HkDdl4AEJFCKgAJSirzjSkACEmicQMMC0jh53ZeABCTQOAEFpPEA6r4EJCCBUgQUkFLkHVcCDRPQdQlAQAGBgiYBCUhAArMJKCCzkdlAAhKQgAQgoIBAYW9zPAlIQAIdEFBAOgiiU5CABCRQgoACUoK6Y0pAAqUIOO6KBBSQFWHalQQkIIEjEVBAjhRt5yoBCUhgRQIKyIowj9CVc5SABCQQBBSQIOFZAhKQgARmEVBAZuGysgQkIIFSBO', NULL, 'Pepito Perez', '1023589666', '', 'Claro', 'Tecnico'),
(51, 27, 9, NULL, NULL, 'foto_9_27_20250916_162214_1.png,foto_9_27_20250916_162214_2.png', NULL, NULL, NULL, NULL, NULL, NULL),
(52, 27, 10, NULL, NULL, 'data:image/png;base64,iVBORw0KGgoAAAANSUhEUgAAAZAAAADICAYAAADGFbfiAAAQAElEQVR4Aeydy682XTqHn9bd+mtfGi0MOkTwBwjzlrQwJZEYMGPAhAH/gENMJQwwYMCMxESYEhJ6TGLsFJFI0Jp0WrevT/e19773t3btek67Tutwval7r1WrVq11r+uuun9P1bPf9/26k38kIAEJSEACbyCggLwBmqdIQAISkMDppIB4FUjgKALOK4HGCSggjQdQ9yUgAQkcRUABOYq880pAAhJonEDDAtI4ed2XgAQk0DgBBaTxAOq+BCQggaMIKCBHkXdeCTRMQNclAAEFBAqaBCQgAQncTUABuRuZJ0hAAhKQAAQUECjsbc4nAQlIoAMCCkgHQXQJEpCABI4goIAcQd05JSCBowg474oEFJAVYTqUBCQggZEIKCAjRdu1SkACEliRgAKyIswRhnKNEpCABJKAApIkLCUgAQlI4C4CCs', NULL, 'Pepito Perez', '1023589666', '', 'Claro', 'Tecnico'),
(53, 28, 9, NULL, NULL, 'foto_9_28_20250916_162625_1.png,foto_9_28_20250916_162625_2.png', NULL, NULL, NULL, NULL, NULL, NULL),
(54, 28, 10, NULL, NULL, 'data:image/png;base64,iVBORw0KGgoAAAANSUhEUgAAAZAAAADICAYAAADGFbfiAAAQAElEQVR4Aeydy682XTqHn9bd+mtfGi0MOkTwBwjzlrQwJZEYMGPAhAH/gENMJQwwYMCMxESYEhJ6TGLsFJFI0Jp0WrevT/e19773t3btek67Tutwval7r1WrVq11r+uuun9P1bPf9/26k38kIAEJSEACbyCggLwBmqdIQAISkMDppIB4FUjgKALOK4HGCSggjQdQ9yUgAQkcRUABOYq880pAAhJonEDDAtI4ed2XgAQk0DgBBaTxAOq+BCQggaMIKCBHkXdeCTRMQNclAAEFBAqaBCQgAQncTUABuRuZJ0hAAhKQAAQUECjsbc4nAQlIoAMCCkgHQXQJEpCABI4goIAcQd05JSCBowg474oEFJAVYTqUBCQggZEIKCAjRdu1SkACEliRgAKyIswRhnKNEpCABJKAApIkLCUgAQlI4C4CCs', NULL, 'Pepito Perez', '1023589666', '', 'Claro', 'Tecnico'),
(55, 29, 9, NULL, NULL, 'foto_9_29_20250916_162657_1.png', NULL, NULL, NULL, NULL, NULL, NULL),
(56, 29, 10, NULL, NULL, 'data:image/png;base64,iVBORw0KGgoAAAANSUhEUgAAAZAAAADICAYAAADGFbfiAAAQAElEQVR4Aeydu8stTVaH93hDUVADQZjQQA0MhJlMQTE1MFEMNTBQQ41EMNBQUwUTzQwUBP8AFTGbiYw0ESNhIgeEud/qeb+zzqzTp/el73V5hq63q6u7qtZ6Vtf67e6953zfc/N/EpCABCQggRUEFJAV0OwiAQlIQAK3mwLiXSCBqwg4rwQaJ6CANB5AzZeABCRwFQEF5CryzisBCUigcQINC0jj5DVfAhKQQOMEFJDGA6j5EpCABK4ioIBcRd55JdAwAU2XAAQUEChYJCABCUhgMQEFZDEyO0hAAhKQAAQUECicXZxPAhKQQAcEFJAOgqgLEpCABK4goIBcQd05JSCBqwg4744EFJAdYTqUBCQggZEIKCAjRVtfJSABCexIQAHZEeYIQ+mjBCQggSCggAQJ9xKQgAQksIiAArIIlxdLQA', NULL, 'Pepito Perez', '1023589666', '', 'Claro', 'Tecnico'),
(57, 30, 9, NULL, NULL, 'foto_9_30_20250916_163031_1.png', NULL, NULL, NULL, NULL, NULL, NULL),
(58, 30, 10, NULL, NULL, 'data:image/png;base64,iVBORw0KGgoAAAANSUhEUgAAAZAAAADICAYAAADGFbfiAAAQAElEQVR4Aeydu8stTVaH93hDUVADQZjQQA0MhJlMQTE1MFEMNTBQQ41EMNBQUwUTzQwUBP8AFTGbiYw0ESNhIgeEud/qeb+zzqzTp/el73V5hq63q6u7qtZ6Vtf67e6953zfc/N/EpCABCQggRUEFJAV0OwiAQlIQAK3mwLiXSCBqwg4rwQaJ6CANB5AzZeABCRwFQEF5CryzisBCUigcQINC0jj5DVfAhKQQOMEFJDGA6j5EpCABK4ioIBcRd55JdAwAU2XAAQUEChYJCABCUhgMQEFZDEyO0hAAhKQAAQUECicXZxPAhKQQAcEFJAOgqgLEpCABK4goIBcQd05JSCBqwg4744EFJAdYTqUBCQggZEIKCAjRVtfJSABCexIQAHZEeYIQ+mjBCQggSCggAQJ9xKQgAQksIiAArIIlxdLQA', NULL, 'Pepito Perez', '1023589666', '', 'Claro', 'Tecnico'),
(59, 31, 9, NULL, NULL, 'foto_9_31_20250916_163133_1.png,foto_9_31_20250916_163133_2.jpg', NULL, NULL, NULL, NULL, NULL, NULL),
(60, 31, 10, NULL, NULL, 'data:image/png;base64,iVBORw0KGgoAAAANSUhEUgAAAZAAAADICAYAAADGFbfiAAAQAElEQVR4Aezcu64tzZIV4N2HBgMHYSCBkECAAQ+Bh49AwuEFkMAFF4GBCSbC4AWQcEDYWLwEGCDAAaPVaq/V6mt9q3f8Hbt2zZq3qlm3cbTGn5mRmZERIyMj1lxr7fOrb/lfGAgDYSAMhIEXGEgBeYG0bAkDYSAMvMHAH7yxd1dbU0B2dR0x5lIMxNkrMnCa4uHyUkCwEISBMBAGPsPArw3HnCbvnsaR4VLyFQbCQBjYMwOn+vSB6AMXEOYHYSAMhIFDMPB7g5U+ffzh0J7mKwXkNFcZR8JAGNgxA3/qu22n+hSSAvL9VtOEgTDwOANZ+RQDvWj8+lM7d744BWTnFxTzwkAYODwDfnR1eCemHEgBmWIlsjAQBsLAMgz0Tx+n+v0HelJAsPBp5LwwEAauwIDi0T99GJ/K7xSQU11nnAkDYW', NULL, 'Pepito Perez', '1023589666', '', 'Claro', 'Tecnico'),
(61, 32, 9, NULL, NULL, 'foto_9_32_20250917_080955_1.png', NULL, NULL, NULL, NULL, NULL, NULL),
(62, 32, 10, NULL, NULL, 'data:image/png;base64,iVBORw0KGgoAAAANSUhEUgAAAZAAAADICAYAAADGFbfiAAAQAElEQVR4Aeydu64sRxWGx5iLMcYYhAQiAUQAEU9gwTsg8wBIJBAiQpAICB2DxCMAOSHikhMQQQBICAEJtrkZY3Opb+w1rt27Z6Z7pvpSVZ/Va3d1dV3W+qp7/ae7t895x8H/JCABCUhAAjcQUEBugGYXCUhAAhI4HBQQrwIJbEXAeSVQOQEFpPIF1H0JSEACWxFQQLYi77wSkIAEKidQsYBUTl73JSABCVROQAGpfAF1XwISkMBWBBSQrcg7rwQqJqDrEoCAAgIFTQISkIAEZhNQQGYjs4MEJCABCUBAAYHC2uZ8EpCABBogoIA0sIiGIAEJSGALAgrIFtSdUwIS2IqA8xYkoIAUhOlQEpCABHoioID0tNrGKgEJSKAgAQWkIMwehjJGCUhAAkFAAQkS7iUgAQlIYBYBBWQWLhtLQAIS2I', NULL, 'Pepito Perez', '1023589666', '', 'Claro', 'Tecnico'),
(63, 33, 9, NULL, NULL, 'foto_9_33_20250917_081808_1.png', NULL, NULL, NULL, NULL, NULL, NULL),
(64, 33, 10, NULL, NULL, 'data:image/png;base64,iVBORw0KGgoAAAANSUhEUgAAAZAAAADICAYAAADGFbfiAAAQAElEQVR4Aeydu64sRxWGx5iLMcYYhAQiAUQAEU9gwTsg8wBIJBAiQpAICB2DxCMAOSHikhMQQQBICAEJtrkZY3Opb+w1rt27Z6Z7pvpSVZ/Va3d1dV3W+qp7/ae7t895x8H/JCABCUhAAjcQUEBugGYXCUhAAhI4HBQQrwIJbEXAeSVQOQEFpPIF1H0JSEACWxFQQLYi77wSkIAEKidQsYBUTl73JSABCVROQAGpfAF1XwISkMBWBBSQrcg7rwQqJqDrEoCAAgIFTQISkIAEZhNQQGYjs4MEJCABCUBAAYHC2uZ8EpCABBogoIA0sIiGIAEJSGALAgrIFtSdUwIS2IqA8xYkoIAUhOlQEpCABHoioID0tNrGKgEJSKAgAQWkIMwehjJGCUhAAkFAAQkS7iUgAQlIYBYBBWQWLhtLQAIS2I', NULL, 'Pepito Perez', '1023589666', '', 'Claro', 'Tecnico'),
(65, 34, 9, NULL, NULL, 'foto_9_34_20250917_082327_1.png', NULL, NULL, NULL, NULL, NULL, NULL),
(66, 34, 10, NULL, NULL, 'data:image/png;base64,iVBORw0KGgoAAAANSUhEUgAAAZAAAADICAYAAADGFbfiAAAQAElEQVR4Aeydu64sRxWGx5iLMcYYhAQiAUQAEU9gwTsg8wBIJBAiQpAICB2DxCMAOSHikhMQQQBICAEJtrkZY3Opb+w1rt27Z6Z7pvpSVZ/Va3d1dV3W+qp7/ae7t895x8H/JCABCUhAAjcQUEBugGYXCUhAAhI4HBQQrwIJbEXAeSVQOQEFpPIF1H0JSEACWxFQQLYi77wSkIAEKidQsYBUTl73JSABCVROQAGpfAF1XwISkMBWBBSQrcg7rwQqJqDrEoCAAgIFTQISkIAEZhNQQGYjs4MEJCABCUBAAYHC2uZ8EpCABBogoIA0sIiGIAEJSGALAgrIFtSdUwIS2IqA8xYkoIAUhOlQEpCABHoioID0tNrGKgEJSKAgAQWkIMwehjJGCUhAAkFAAQkS7iUgAQlIYBYBBWQWLhtLQAIS2I', NULL, 'Pepito Perez', '1023589666', '', 'Claro', 'Tecnico'),
(67, 35, 9, NULL, NULL, 'foto_9_35_20250917_082414_1.png,foto_9_35_20250917_082414_2.png', NULL, NULL, NULL, NULL, NULL, NULL),
(68, 35, 10, NULL, NULL, 'data:image/png;base64,iVBORw0KGgoAAAANSUhEUgAAAZAAAADICAYAAADGFbfiAAAQAElEQVR4Aezdy47kSBUG4OJ+kdixQLBggQRPwI6X4c14FPbwAmwQi0ECDUhcBAx3/Bd1ZtxZmVV5sR0R9ofytJ1OO+LEF3acruym5/NP/keAAAECBO4QUEDuQHMJAQIECDw9KSDuAgKtBPRLYHABBWTwCZQ+AQIEWgkoIK3k9UuAAIHBBQYuIIPLS58AAQKDCyggg0+g9AkQINBKQAFpJa9fAgMLSJ1ABBSQKAgCBAgQuFlAAbmZzAUECBAgEAEFJApbh/4IECCwAwEFZAeTaAgECBBoIaCAtFDXJwECrQT0u6CAArIgpqYIECBwJAEF5EizbawECBBYUEABWRDzCE0ZIwECBEpAASkJWwIECBC4SUABuYnLyQQIEGgl0F+/Ckh/cyIjAgQIDCGggAwxTZIkQIBAfwIKSH9zIqN1BLRKgM', NULL, 'Pepito Perez', '1023589666', '', 'Claro', 'Tecnico'),
(69, 36, 9, NULL, NULL, 'foto_9_36_20250917_083837_1.png', NULL, NULL, NULL, NULL, NULL, NULL),
(70, 36, 10, NULL, NULL, 'data:image/png;base64,iVBORw0KGgoAAAANSUhEUgAAAZAAAADICAYAAADGFbfiAAAQAElEQVR4Aeydy6s0RxmHjyaiJlG8YoxgUBEFibhX3OhW17p06VqX7tzqSvBfUHCnW0WQ/AXRhQYMUbyjaNTEgNd6xvMe6uuve2a6T1/q8oR+T1VXV1e971Pd7296Zr7Ja2/8TwISkIAEJLCAgAKyAJqnSEACEpDAzY0C4lUggaMIOK8EKieggFS+gLovAQlI4CgCCshR5J1XAhKQQOUEKhaQysnrvgQkIIHKCSgglS+g7ktAAhI4ioACchR555VAxQR0XQIQUECgoElAAhKQwGwCCshsZJ4gAQlIQAIQUECgsLc5nwQkIIEGCCggDSyiIUhAAhI4goACcgR155SABI4i4LwrElBAVoTpUBKQgAR6IqCA9LTaxioBCUhgRQIKyIowexjKGCUgAQkEAQUkSFhKQAISkMAsAgrILFx2loAEJH', NULL, 'Pepito Perez', '1023589666', '', 'Claro', 'Tecnico'),
(71, 37, 9, NULL, NULL, 'foto_9_37_20250917_084125_1.png', NULL, NULL, NULL, NULL, NULL, NULL),
(72, 37, 10, NULL, NULL, 'data:image/png;base64,iVBORw0KGgoAAAANSUhEUgAAAZAAAADICAYAAADGFbfiAAAQAElEQVR4Aeydy6s0RxmHjyaiJlG8YoxgUBEFibhX3OhW17p06VqX7tzqSvBfUHCnW0WQ/AXRhQYMUbyjaNTEgNd6xvMe6uuve2a6T1/q8oR+T1VXV1e971Pd7296Zr7Ja2/8TwISkIAEJLCAgAKyAJqnSEACEpDAzY0C4lUggaMIOK8EKieggFS+gLovAQlI4CgCCshR5J1XAhKQQOUEKhaQysnrvgQkIIHKCSgglS+g7ktAAhI4ioACchR555VAxQR0XQIQUECgoElAAhKQwGwCCshsZJ4gAQlIQAIQUECgsLc5nwQkIIEGCCggDSyiIUhAAhI4goACcgR155SABI4i4LwrElBAVoTpUBKQgAR6IqCA9LTaxioBCUhgRQIKyIowexjKGCUgAQkEAQUkSFhKQAISkMAsAgrILFx2loAEJH', NULL, 'Pepito Perez', '1023589666', '', 'Claro', 'Tecnico'),
(73, 38, 9, NULL, NULL, 'foto_9_38_20250917_084951_1.png', NULL, NULL, NULL, NULL, NULL, NULL),
(74, 38, 10, NULL, NULL, 'data:image/png;base64,iVBORw0KGgoAAAANSUhEUgAAAZAAAADICAYAAADGFbfiAAAQAElEQVR4Aeydy6s0RxmHjyaiJlG8YoxgUBEFibhX3OhW17p06VqX7tzqSvBfUHCnW0WQ/AXRhQYMUbyjaNTEgNd6xvMe6uuve2a6T1/q8oR+T1VXV1e971Pd7296Zr7Ja2/8TwISkIAEJLCAgAKyAJqnSEACEpDAzY0C4lUggaMIOK8EKieggFS+gLovAQlI4CgCCshR5J1XAhKQQOUEKhaQysnrvgQkIIHKCSgglS+g7ktAAhI4ioACchR555VAxQR0XQIQUECgoElAAhKQwGwCCshsZJ4gAQlIQAIQUECgsLc5nwQkIIEGCCggDSyiIUhAAhI4goACcgR155SABI4i4LwrElBAVoTpUBKQgAR6IqCA9LTaxioBCUhgRQIKyIowexjKGCUgAQkEAQUkSFhKQAISkMAsAgrILFx2loAEJH', NULL, 'Pepito Perez', '1023589666', '', 'Claro', 'Tecnico'),
(75, 39, 9, NULL, NULL, NULL, NULL, NULL, NULL, NULL, NULL, NULL),
(76, 39, 10, NULL, NULL, 'data:image/png;base64,iVBORw0KGgoAAAANSUhEUgAAAZAAAADICAYAAADGFbfiAAAPQklEQVR4AezdKYwsWx0G8GF/LAEECQgSSBBgQOFYDGgSJA5FAsGBhCBAgmMRCAQGDRZCCDgcGDCQoCAkhH3fzjdvalK3XndPV3dVn3Oqfi/1f11d2zn1O93nm547c++L7/xHgAABAgQuEBAgF6A5hQABAgTu7gSIVwGBWgLaJdC5gADpfAB1nwABArUEBEgtee0SIECgc4GOA6Rzed0nQIBA5wICpPMB1H0CBAjUEhAgteS1S6BjAV0nEAEBEgVFgAABArMFBMhsMicQIECAQAQESBRuXdojQIDABgQEyAYG0S0QIECghoAAqaGuTQIEaglod0EBAbIgpksRIEBgTwICZE+j7V4JECCwoIAAWRBzD5dyjwQIEBgEBMgg4ZEAAQIEZgkIkFlcDiZAgEAtgfbaFSDtjYkeESBAoAsBAdLFMO', NULL, 'Pepito Perez', '1023589666', '', 'Claro', 'Tecnico'),
(77, 40, 9, NULL, NULL, NULL, NULL, NULL, NULL, NULL, NULL, NULL),
(78, 40, 10, NULL, NULL, 'data:image/png;base64,iVBORw0KGgoAAAANSUhEUgAAAZAAAADICAYAAADGFbfiAAAPQklEQVR4AezdKYwsWx0G8GF/LAEECQgSSBBgQOFYDGgSJA5FAsGBhCBAgmMRCAQGDRZCCDgcGDCQoCAkhH3fzjdvalK3XndPV3dVn3Oqfi/1f11d2zn1O93nm547c++L7/xHgAABAgQuEBAgF6A5hQABAgTu7gSIVwGBWgLaJdC5gADpfAB1nwABArUEBEgtee0SIECgc4GOA6Rzed0nQIBA5wICpPMB1H0CBAjUEhAgteS1S6BjAV0nEAEBEgVFgAABArMFBMhsMicQIECAQAQESBRuXdojQIDABgQEyAYG0S0QIECghoAAqaGuTQIEaglod0EBAbIgpksRIEBgTwICZE+j7V4JECCwoIAAWRBzD5dyjwQIEBgEBMgg4ZEAAQIEZgkIkFlcDiZAgEAtgfbaFSDtjYkeESBAoAsBAdLFMO', NULL, 'Pepito Perez', '1023589666', '', 'Claro', 'Tecnico'),
(79, 41, 9, NULL, NULL, NULL, NULL, NULL, NULL, NULL, NULL, NULL),
(80, 41, 10, NULL, NULL, 'data:image/png;base64,iVBORw0KGgoAAAANSUhEUgAAAZAAAADICAYAAADGFbfiAAAQAElEQVR4AeydR6g8SR3HR9ewu4qrYgRFRTFgOqgoJgQVVETxIOZwEhQR08GDIqJHIxgOHswoYgDFg2BAdlVQ8WDCgGtARTHg5l3d4O/znPpTr7fnvel53V1V3Z9H/aaqqyv86lM99X3d09Nzy41/EpCABCQggQMIKCAHQLOKBCQgAQlsNgqIR4EEShGwXwk0TkABaXwCdV8CEpBAKQIKSCny9isBCUigcQINC0jj5HVfAhKQQOMEFJDGJ1D3JSABCZQioICUIm+/EmiYgK5LAAIKCBQ0CUhAAhIYTEABGYzMChKQgAQkAAEFBApzm/1JQAISWAABBWQBk+gQJCABCZQgoICUoG6fEpBAKQL2OyIBBWREmDYlAQlIYE0EFJA1zbZjlYAEJDAiAQVkRJhraMoxSkACEkgEFJBEwlgCEpCABA', NULL, 'Pepito Perez', '1023589666', '', 'Claro', 'Tecnico'),
(81, 42, 9, NULL, NULL, NULL, NULL, NULL, NULL, NULL, NULL, NULL),
(82, 42, 10, NULL, NULL, 'data:image/png;base64,iVBORw0KGgoAAAANSUhEUgAAAZAAAADICAYAAADGFbfiAAAQAElEQVR4AeydS7A13TnHT5AvN5XEZYBSKoJKJowYuYRiSlHFwFBRBhhQTJWJIcWAMsDYgEIxpdwyY8QkKSJUUQyk+FJykQh5fvvdz/nW22/vvbv37u61Vvcv1c9Zl16XZ/1W9/M/3X3efF/w5P8kIAEJSEACdxBQQO6AZhcJSEACEnh6UkC8CiRQi4DzSqBzAgpI5xuo+xKQgARqEVBAapF3XglIQAKdE+hYQDonr/sSkIAEOieggHS+gbovAQlIoBYBBaQWeeeVQMcEdF0CEFBAoKBJQAISkMBsAgrIbGR2kIAEJCABCCggUNjanE8CEpDADggoIDvYRJcgAQlIoAYBBaQGdeeUgARqEXDeBQkoIAvCdCgJSEACRyKggBxpt12rBCQggQUJKCALwjzCUK5RAhKQQBJQQJKEqQQkIAEJzC', NULL, 'Pepito Perez', '1023589666', '', 'Claro', 'Tecnico'),
(83, 43, 9, NULL, NULL, NULL, NULL, NULL, NULL, NULL, NULL, NULL),
(84, 43, 10, NULL, NULL, 'data:image/png;base64,iVBORw0KGgoAAAANSUhEUgAAAZAAAADICAYAAADGFbfiAAAQAElEQVR4AezcO480zVkG4OWcIRBCQIJMCAESP4AAIRICJEIyCCEi4AeQE5AgISIQESESIkOCgB+ABAGZIbFsyYkd+WzXvX4fu7/xzOwcerqquq9PU9vTx6q6qrrvnd19vx9/8x8BAgQIEHhAQIA8gOYUAgQIEHh7EyBmAYFeAuolMLmAAJl8ADWfAAECvQQESC959RIgQGBygYkDZHJ5zSdAgMDkAgJk8gHUfAIECPQSECC95NVLYGIBTScQAQESBYUAAQIE7hYQIHeTOYEAAQIEIiBAorB1UR8BAgR2ICBAdjCIukCAAIEeAgKkh7o6CRDoJaDeFQUEyIqYLkWAAIEjCQiQI422vhIgQGBFAQGyIuYRLqWPBAgQKAEBUhKWBAgQIHCXgAC5i8vBBAgQ6CUwXr0CZLwx0SICBAhMISBAph', NULL, 'Pepito Perez', '1023589666', '', 'Claro', 'Tecnico'),
(85, 44, 9, NULL, NULL, NULL, NULL, NULL, NULL, NULL, NULL, NULL),
(86, 44, 10, NULL, NULL, 'data:image/png;base64,iVBORw0KGgoAAAANSUhEUgAAAZAAAADICAYAAADGFbfiAAAQAElEQVR4AeydSY7uSBVGk74VAwQCgUSzAybMQAIxZMwcVlLFHpAYwpABawAGDJEYsACgBAgESIgSbdHFSeVNIv3CTvtP29H4lPy9cBOOuPfE7/s9Z1Pv7Xf+JwEJSEACEriBgAZyAzRvkYAEJCCBuzsNxE+BBGoRcF4JdE5AA+l8AQ1fAhKQQC0CGkgt8s4rAQlIoHMCHRtI5+QNXwISkEDnBDSQzhfQ8CUgAQnUIqCB1CLvvBLomIChSwACGggUlAQkIAEJbCaggWxG5g0SkIAEJAABDQQKZ8v5JCABCQxAQAMZYBFNQQISkEANAhpIDerOKQEJ1CLgvDsS0EB2hOlQEpCABK5EQAO50mqbqwQkIIEdCWggO8K8wlDmKAEJSCAIaCBBwlYCEpCABDYR0EA24bKzBCQggVoE2ptXA2lvTY', NULL, 'Pepito Perez', '1023589666', '', 'Claro', 'Tecnico'),
(87, 45, 9, NULL, NULL, NULL, NULL, NULL, NULL, NULL, NULL, NULL),
(88, 45, 10, NULL, NULL, 'data:image/png;base64,iVBORw0KGgoAAAANSUhEUgAAAZAAAADICAYAAADGFbfiAAAQAElEQVR4Aeydv+882xjH1497XY2IEELiRxQ0VFQiISQqhVKlU2n8A0j8AxqVTqVUC6HQUbkNhfiREIKgupeL67z283k+Od+5O7s7uzNzfr1u5tlz5uzMOc/zes6c987O3s/39Qf/k4AEJCABCdxAQAG5AZqnSEACEpDA4aCAOAskUIqA40qgcQIKSOMJ1H0JSEACpQgoIKXIO64EJCCBxgk0LCCNk9d9CUhAAo0TUEAaT6DuS0ACEihFQAEpRd5xJdAwAV2XAAQUEChoEpCABCSwmIACshiZJ0hAAhKQAAQUECjsbY4nAQlIoAMCCkgHSTQECUhAAiUIKCAlqDumBCRQioDjrkhAAVkRpl1JQAISGImAAjJSto1VAhKQwIoEFJAVYY7QlTFKQAISCAIKSJCwlIAEJCCBRQQUkEW4PFgCEp', NULL, 'Pepito Perez', '1023589666', '', 'Claro', 'Tecnico'),
(89, 46, 9, NULL, NULL, NULL, NULL, NULL, NULL, NULL, NULL, NULL),
(90, 46, 10, NULL, NULL, 'data:image/png;base64,iVBORw0KGgoAAAANSUhEUgAAAZAAAADICAYAAADGFbfiAAAQAElEQVR4Aezdua40T30G4GNsg2UHtmU7sB2wJUgIboD9AkAggQQXQAQBSIQkSOQQQEJEBhJIILgAENsFQETAIgJIWCQkkNip93DqU9OnZ+mZ3qr7Qf37uqenu6vqqZl+v5lz+P4vefA/AgQIECBwg4AAuQHNKQQIECDw8CBAvAoIrCWgXQKNCwiQxidQ9wkQILCWgABZS167BAgQaFyg4QBpXF73CRAg0LiAAGl8AnWfAAECawkIkLXktUugYQFdJxABARIFRYAAAQKjBQTIaDInECBAgEAEBEgUli7tESBAYAcCAmQHk2gIBAgQWENAgKyhrk0CBNYS0O6EAgJkQkyXIkCAwJEEBMiRZttYCRAgMKGAAJkQ8wiXMkYCBAhUAQFSJawJECBAYJSAABnF5WACBAisJbC9dgXI9uZEjwgQIN', NULL, 'Pepito Perez', '1023589666', '', 'Claro', 'Tecnico'),
(91, 47, 9, NULL, NULL, NULL, NULL, NULL, NULL, NULL, NULL, NULL),
(92, 47, 10, NULL, NULL, 'data:image/png;base64,iVBORw0KGgoAAAANSUhEUgAAAZAAAADICAYAAADGFbfiAAAQAElEQVR4Aezdua40T30G4GNsg2UHtmU7sB2wJUgIboD9AkAggQQXQAQBSIQkSOQQQEJEBhJIILgAENsFQETAIgJIWCQkkNip93DqU9OnZ+mZ3qr7Qf37uqenu6vqqZl+v5lz+P4vefA/AgQIECBwg4AAuQHNKQQIECDw8CBAvAoIrCWgXQKNCwiQxidQ9wkQILCWgABZS167BAgQaFyg4QBpXF73CRAg0LiAAGl8AnWfAAECawkIkLXktUugYQFdJxABARIFRYAAAQKjBQTIaDInECBAgEAEBEgUli7tESBAYAcCAmQHk2gIBAgQWENAgKyhrk0CBNYS0O6EAgJkQkyXIkCAwJEEBMiRZttYCRAgMKGAAJkQ8wiXMkYCBAhUAQFSJawJECBAYJSAABnF5WACBAisJbC9dgXI9uZEjwgQIN', NULL, 'Pepito Perez', '1023589666', '', 'Claro', 'Tecnico'),
(93, 48, 9, NULL, NULL, NULL, NULL, NULL, NULL, NULL, NULL, NULL),
(94, 48, 10, NULL, NULL, 'data:image/png;base64,iVBORw0KGgoAAAANSUhEUgAAAZAAAADICAYAAADGFbfiAAAQAElEQVR4AeydOcgtW5mGtz3YbUvb3UFDd9LcpuegGxoMHUGMVBRUNBENFNRE0VBxDBUNHEARxUQRQVETEyfMTEQTRfGqICoIesV5/p7N+XT9dapqV+1d06p6Luv916qqNT6rar13VZ3znz87+Z8EJCABCUjgCgIayBXQLCIBCUhAAqeTBuJdIIG1CNiuBConoIFUPoF2XwISkMBaBDSQtcjbrgQkIIHKCVRsIJWTt/sSkIAEKieggVQ+gXZfAhKQwFoENJC1yNuuBComYNclAAENBApKAhKQgARGE9BARiOzgAQkIAEJQEADgcLSsj0JSEACOyCggexgEh2CBCQggTUIaCBrULdNCUhgLQK2OyEBDWRCmFYlAQlI4EgENJAjzbZjlYAEJDAhAQ1kQphHqMoxSkACEkgCGkiSMJaABCQggV', NULL, 'Pepito Perez', '1023589666', '', 'Claro', 'Tecnico'),
(95, 49, 9, NULL, NULL, NULL, NULL, NULL, NULL, NULL, NULL, NULL),
(96, 49, 10, NULL, NULL, 'data:image/png;base64,iVBORw0KGgoAAAANSUhEUgAAAZAAAADICAYAAADGFbfiAAAP8klEQVR4Aezdu5M92QAH8MGux65ajyL3iImUBIH/gCqlSigQKCJSAkVGIEDgX6CK8g8QECgZsUfsvdj1XJzv7Jyp3vu7M/fZfc7p/mz1me7bt/s8Pqdvf/femd/Mq2/8R4AAAQIEzhAQIGegOYUAAQIEbm4EiKuAQCsB7RIYXECADD6Buk+AAIFWAgKklbx2CRAgMLjAwAEyuLzuEyBAYHABATL4BOo+AQIEWgkIkFby2iUwsICuE4iAAImCQoAAAQInCwiQk8mcQIAAAQIRECBRWLpojwABAisQECArmERDIECAQAsBAdJCXZsECLQS0O4VBQTIFTFVRYAAgS0JCJAtzbaxEiBA4IoCAuSKmFuoyhgJECBQBQRIlbAmQIAAgZMEBMhJXA4mQIBAK4H+2hUg/c2JHhEgQGAIAQEyxDTpJA', NULL, 'Pepito Perez', '1023589666', '', 'Claro', 'Tecnico'),
(97, 50, 9, NULL, NULL, 'foto_9_50_20250917_091440_1.png', NULL, NULL, NULL, NULL, NULL, NULL),
(98, 50, 10, NULL, NULL, 'data:image/png;base64,iVBORw0KGgoAAAANSUhEUgAAAZAAAADICAYAAADGFbfiAAAP8klEQVR4Aezdu5M92QAH8MGux65ajyL3iImUBIH/gCqlSigQKCJSAkVGIEDgX6CK8g8QECgZsUfsvdj1XJzv7Jyp3vu7M/fZfc7p/mz1me7bt/s8Pqdvf/femd/Mq2/8R4AAAQIEzhAQIGegOYUAAQIEbm4EiKuAQCsB7RIYXECADD6Buk+AAIFWAgKklbx2CRAgMLjAwAEyuLzuEyBAYHABATL4BOo+AQIEWgkIkFby2iUwsICuE4iAAImCQoAAAQInCwiQk8mcQIAAAQIRECBRWLpojwABAisQECArmERDIECAQAsBAdJCXZsECLQS0O4VBQTIFTFVRYAAgS0JCJAtzbaxEiBA4IoCAuSKmFuoyhgJECBQBQRIlbAmQIAAgZMEBMhJXA4mQIBAK4H+2hUg/c2JHhEgQGAIAQEyxDTpJA', NULL, 'Pepito Perez', '1023589666', '', 'Claro', 'Tecnico'),
(99, 51, 9, NULL, NULL, 'foto_9_51_20250917_091545_1.png', NULL, NULL, NULL, NULL, NULL, NULL),
(100, 51, 10, NULL, NULL, 'data:image/png;base64,iVBORw0KGgoAAAANSUhEUgAAAZAAAADICAYAAADGFbfiAAAP8klEQVR4Aezdu5M92QAH8MGux65ajyL3iImUBIH/gCqlSigQKCJSAkVGIEDgX6CK8g8QECgZsUfsvdj1XJzv7Jyp3vu7M/fZfc7p/mz1me7bt/s8Pqdvf/femd/Mq2/8R4AAAQIEzhAQIGegOYUAAQIEbm4EiKuAQCsB7RIYXECADD6Buk+AAIFWAgKklbx2CRAgMLjAwAEyuLzuEyBAYHABATL4BOo+AQIEWgkIkFby2iUwsICuE4iAAImCQoAAAQInCwiQk8mcQIAAAQIRECBRWLpojwABAisQECArmERDIECAQAsBAdJCXZsECLQS0O4VBQTIFTFVRYAAgS0JCJAtzbaxEiBA4IoCAuSKmFuoyhgJECBQBQRIlbAmQIAAgZMEBMhJXA4mQIBAK4H+2hUg/c2JHhEgQGAIAQEyxDTpJA', NULL, 'Pepito Perez', '1023589666', '', 'Claro', 'Tecnico'),
(101, 52, 9, NULL, NULL, NULL, NULL, NULL, NULL, NULL, NULL, NULL),
(102, 52, 10, NULL, NULL, 'data:image/png;base64,iVBORw0KGgoAAAANSUhEUgAAAZAAAADICAYAAADGFbfiAAAQAElEQVR4AeydSastS1qG1y37tkpQUJzYghMFJ+LAFvwJCjpTFCc6UHSoqOhQ0YGOVHSmoP/BFsSZ6EhsR1VFQVF9Q/Xfs2p/+8bJnblW5tqRmRGZzyXfE5mR0T4R+b0r1973nHdc/E8CEpCABCTwAAEN5AFoVpGABCQggctFA3EXSGAvAvYrgc4JaCCdL6DDl4AEJLAXAQ1kL/L2KwEJSKBzAh0bSOfkHb4EJCCBzgloIJ0voMOXgAQksBcBDWQv8vYrgY4JOHQJQEADgYKSgAQkIIHFBDSQxcisIAEJSEACENBAoLC17E8CEpDAAQhoIAdYRKcgAQlIYA8CGsge1O1TAhLYi4D9ViSggVSEaVMSkIAEzkRAAznTajtXCUhAAhUJaCAVYZ6hKecoAQlIIAloIEnCVAISkIAEFhHQQBbhsr', NULL, 'Pepito Perez', '1023589666', '', 'Claro', 'Tecnico'),
(103, 53, 9, NULL, NULL, NULL, NULL, NULL, NULL, NULL, NULL, NULL),
(104, 53, 10, NULL, NULL, 'data:image/png;base64,iVBORw0KGgoAAAANSUhEUgAAAZAAAADICAYAAADGFbfiAAAQAElEQVR4AeydSastS1qG1y37tkpQUJzYghMFJ+LAFvwJCjpTFCc6UHSoqOhQ0YGOVHSmoP/BFsSZ6EhsR1VFQVF9Q/Xfs2p/+8bJnblW5tqRmRGZzyXfE5mR0T4R+b0r1973nHdc/E8CEpCABCTwAAEN5AFoVpGABCQggctFA3EXSGAvAvYrgc4JaCCdL6DDl4AEJLAXAQ1kL/L2KwEJSKBzAh0bSOfkHb4EJCCBzgloIJ0voMOXgAQksBcBDWQv8vYrgY4JOHQJQEADgYKSgAQkIIHFBDSQxcisIAEJSEACENBAoLC17E8CEpDAAQhoIAdYRKcgAQlIYA8CGsge1O1TAhLYi4D9ViSggVSEaVMSkIAEzkRAAznTajtXCUhAAhUJaCAVYZ6hKecoAQlIIAloIEnCVAISkIAEFhHQQBbhsr', NULL, 'Pepito Perez', '1023589666', '', 'Claro', 'Tecnico'),
(105, 54, 9, NULL, NULL, NULL, NULL, NULL, NULL, NULL, NULL, NULL),
(106, 54, 10, NULL, NULL, 'data:image/png;base64,iVBORw0KGgoAAAANSUhEUgAAAZAAAADICAYAAADGFbfiAAAQAElEQVR4AeydSastS1qG1y37tkpQUJzYghMFJ+LAFvwJCjpTFCc6UHSoqOhQ0YGOVHSmoP/BFsSZ6EhsR1VFQVF9Q/Xfs2p/+8bJnblW5tqRmRGZzyXfE5mR0T4R+b0r1973nHdc/E8CEpCABCTwAAEN5AFoVpGABCQggctFA3EXSGAvAvYrgc4JaCCdL6DDl4AEJLAXAQ1kL/L2KwEJSKBzAh0bSOfkHb4EJCCBzgloIJ0voMOXgAQksBcBDWQv8vYrgY4JOHQJQEADgYKSgAQkIIHFBDSQxcisIAEJSEACENBAoLC17E8CEpDAAQhoIAdYRKcgAQlIYA8CGsge1O1TAhLYi4D9ViSggVSEaVMSkIAEzkRAAznTajtXCUhAAhUJaCAVYZ6hKecoAQlIIAloIEnCVAISkIAEFhHQQBbhsr', NULL, 'Pepito Perez', '1023589666', '', 'Claro', 'Tecnico'),
(107, 55, 9, NULL, NULL, NULL, NULL, NULL, NULL, NULL, NULL, NULL),
(108, 55, 10, NULL, NULL, 'data:image/png;base64,iVBORw0KGgoAAAANSUhEUgAAAZAAAADICAYAAADGFbfiAAAQAElEQVR4AeydSastS1qG1y37tkpQUJzYghMFJ+LAFvwJCjpTFCc6UHSoqOhQ0YGOVHSmoP/BFsSZ6EhsR1VFQVF9Q/Xfs2p/+8bJnblW5tqRmRGZzyXfE5mR0T4R+b0r1973nHdc/E8CEpCABCTwAAEN5AFoVpGABCQggctFA3EXSGAvAvYrgc4JaCCdL6DDl4AEJLAXAQ1kL/L2KwEJSKBzAh0bSOfkHb4EJCCBzgloIJ0voMOXgAQksBcBDWQv8vYrgY4JOHQJQEADgYKSgAQkIIHFBDSQxcisIAEJSEACENBAoLC17E8CEpDAAQhoIAdYRKcgAQlIYA8CGsge1O1TAhLYi4D9ViSggVSEaVMSkIAEzkRAAznTajtXCUhAAhUJaCAVYZ6hKecoAQlIIAloIEnCVAISkIAEFhHQQBbhsr', NULL, 'Pepito Perez', '1023589666', '', 'Claro', 'Tecnico'),
(109, 56, 9, NULL, NULL, NULL, NULL, NULL, NULL, NULL, NULL, NULL),
(110, 56, 10, NULL, NULL, 'data:image/png;base64,iVBORw0KGgoAAAANSUhEUgAAAZAAAADICAYAAADGFbfiAAAQAElEQVR4AeydSastS1qG1y37tkpQUJzYghMFJ+LAFvwJCjpTFCc6UHSoqOhQ0YGOVHSmoP/BFsSZ6EhsR1VFQVF9Q/Xfs2p/+8bJnblW5tqRmRGZzyXfE5mR0T4R+b0r1973nHdc/E8CEpCABCTwAAEN5AFoVpGABCQggctFA3EXSGAvAvYrgc4JaCCdL6DDl4AEJLAXAQ1kL/L2KwEJSKBzAh0bSOfkHb4EJCCBzgloIJ0voMOXgAQksBcBDWQv8vYrgY4JOHQJQEADgYKSgAQkIIHFBDSQxcisIAEJSEACENBAoLC17E8CEpDAAQhoIAdYRKcgAQlIYA8CGsge1O1TAhLYi4D9ViSggVSEaVMSkIAEzkRAAznTajtXCUhAAhUJaCAVYZ6hKecoAQlIIAloIEnCVAISkIAEFhHQQBbhsr', NULL, 'Pepito Perez', '1023589666', '', 'Claro', 'Tecnico'),
(111, 57, 9, NULL, NULL, NULL, NULL, NULL, NULL, NULL, NULL, NULL),
(112, 57, 10, NULL, NULL, 'data:image/png;base64,iVBORw0KGgoAAAANSUhEUgAAAZAAAADICAYAAADGFbfiAAAQAElEQVR4AeydyY4uzVGG20wGW0w7BhmQuAVYASt2rIA7YIu4BuAGWCK23AFs2CGxwKzgGkCAsNgxyZYN2L/z+c55z4nOrq9ryqwc6rW+6MzKyiHiyciIr6r7+P+BF//PBEzABEzABA4QcAI5AM1DTMAETMAEXl6cQOwFJtCKgNc1gcEJOIEMvoFW3wRMwARaEXACaUXe65qACZjA4AQGTiCDk7f6JmACJjA4ASeQwTfQ6puACZhAKwJOIK3Ie10TGJiAVTcBCDiBQMFiAiZgAiawm4ATyG5kHmACJmACJgABJxAoXC1ezwRMwAQmIOAEMsEm2gQTMAETaEHACaQFda9pAibQioDXLUjACaQgTE9lAiZgAnci4ARyp922rSZgAiZQkIATSEGYd5jKNpqACZiACDiBiIRLEzABEzCBXQScQH', NULL, 'Pepito Perez', '1023589666', '', 'Claro', 'Tecnico'),
(113, 58, 9, NULL, NULL, NULL, NULL, NULL, NULL, NULL, NULL, NULL),
(114, 58, 10, NULL, NULL, 'data:image/png;base64,iVBORw0KGgoAAAANSUhEUgAAAZAAAADICAYAAADGFbfiAAAQAElEQVR4AeydyY4uzVGG20wGW0w7BhmQuAVYASt2rIA7YIu4BuAGWCK23AFs2CGxwKzgGkCAsNgxyZYN2L/z+c55z4nOrq9ryqwc6rW+6MzKyiHiyciIr6r7+P+BF//PBEzABEzABA4QcAI5AM1DTMAETMAEXl6cQOwFJtCKgNc1gcEJOIEMvoFW3wRMwARaEXACaUXe65qACZjA4AQGTiCDk7f6JmACJjA4ASeQwTfQ6puACZhAKwJOIK3Ie10TGJiAVTcBCDiBQMFiAiZgAiawm4ATyG5kHmACJmACJgABJxAoXC1ezwRMwAQmIOAEMsEm2gQTMAETaEHACaQFda9pAibQioDXLUjACaQgTE9lAiZgAnci4ARyp922rSZgAiZQkIATSEGYd5jKNpqACZiACDiBiIRLEzABEzCBXQScQH', NULL, 'Pepito Perez', '1023589666', '', 'Claro', 'Tecnico'),
(115, 59, 9, NULL, NULL, NULL, NULL, NULL, NULL, NULL, NULL, NULL),
(116, 59, 10, NULL, NULL, 'data:image/png;base64,iVBORw0KGgoAAAANSUhEUgAAAZAAAADICAYAAADGFbfiAAAQAElEQVR4AeydyY4uzVGG20wGW0w7BhmQuAVYASt2rIA7YIu4BuAGWCK23AFs2CGxwKzgGkCAsNgxyZYN2L/z+c55z4nOrq9ryqwc6rW+6MzKyiHiyciIr6r7+P+BF//PBEzABEzABA4QcAI5AM1DTMAETMAEXl6cQOwFJtCKgNc1gcEJOIEMvoFW3wRMwARaEXACaUXe65qACZjA4AQGTiCDk7f6JmACJjA4ASeQwTfQ6puACZhAKwJOIK3Ie10TGJiAVTcBCDiBQMFiAiZgAiawm4ATyG5kHmACJmACJgABJxAoXC1ezwRMwAQmIOAEMsEm2gQTMAETaEHACaQFda9pAibQioDXLUjACaQgTE9lAiZgAnci4ARyp922rSZgAiZQkIATSEGYd5jKNpqACZiACDiBiIRLEzABEzCBXQScQH', NULL, 'Pepito Perez', '1023589666', '', 'Claro', 'Tecnico'),
(117, 60, 9, NULL, NULL, NULL, NULL, NULL, NULL, NULL, NULL, NULL),
(118, 60, 10, NULL, NULL, 'data:image/png;base64,iVBORw0KGgoAAAANSUhEUgAAAZAAAADICAYAAADGFbfiAAAQAElEQVR4AeydyY4uzVGG20wGW0w7BhmQuAVYASt2rIA7YIu4BuAGWCK23AFs2CGxwKzgGkCAsNgxyZYN2L/z+c55z4nOrq9ryqwc6rW+6MzKyiHiyciIr6r7+P+BF//PBEzABEzABA4QcAI5AM1DTMAETMAEXl6cQOwFJtCKgNc1gcEJOIEMvoFW3wRMwARaEXACaUXe65qACZjA4AQGTiCDk7f6JmACJjA4ASeQwTfQ6puACZhAKwJOIK3Ie10TGJiAVTcBCDiBQMFiAiZgAiawm4ATyG5kHmACJmACJgABJxAoXC1ezwRMwAQmIOAEMsEm2gQTMAETaEHACaQFda9pAibQioDXLUjACaQgTE9lAiZgAnci4ARyp922rSZgAiZQkIATSEGYd5jKNpqACZiACDiBiIRLEzABEzCBXQScQH', NULL, 'Pepito Perez', '1023589666', '', 'Claro', 'Tecnico'),
(119, 61, 9, NULL, NULL, 'foto_9_61_20250917_094600_1.png', NULL, NULL, NULL, NULL, NULL, NULL),
(120, 61, 10, NULL, NULL, 'data:image/png;base64,iVBORw0KGgoAAAANSUhEUgAAAZAAAADICAYAAADGFbfiAAAQAElEQVR4AeydO8g13VXHz5cYNYlXRPDSqIXaKNiIhaKCtWghaGlh4aUQtFRUtFRsvICVnRaCgm0gIRdCikBImqQISZMLIZD7PV+S9Tt51pP9zjtzLnPmsvee38esd8/smdl77d/ae/1nznme53vNyf8kIAEJSEACMwgoIDOgeYsEJCABCZxOCoizQAJ7EbBfCTROQAFpPIC6LwEJSGAvAgrIXuTtVwISkEDjBBoWkMbJ674EJCCBxgkoII0HUPclIAEJ7EVAAdmLvP3uTeDr4UDaN2J/C8v+oru2N72XAAQUEChoLRPIpFwKwDdjQNfstXFN2iuxv4Vlf9d8y/PlmMJFNwnURUABqSseenOZAGKRSTWTbCblUgAut3L9bLb9SHm9l+tXlGMqfYHB9bu9QgIrE1BAVgY82ryV1wiMCQUJFL', NULL, 'Pepito Perez', '1023589666', '', 'Claro', 'Tecnico'),
(121, 62, 9, NULL, NULL, 'foto_9_62_20250917_095216_1.png', NULL, NULL, NULL, NULL, NULL, NULL),
(122, 62, 10, NULL, NULL, 'data:image/png;base64,iVBORw0KGgoAAAANSUhEUgAAAZAAAADICAYAAADGFbfiAAAQAElEQVR4AeydO8g13VXHz5cYNYlXRPDSqIXaKNiIhaKCtWghaGlh4aUQtFRUtFRsvICVnRaCgm0gIRdCikBImqQISZMLIZD7PV+S9Tt51pP9zjtzLnPmsvee38esd8/smdl77d/ae/1nznme53vNyf8kIAEJSEACMwgoIDOgeYsEJCABCZxOCoizQAJ7EbBfCTROQAFpPIC6LwEJSGAvAgrIXuTtVwISkEDjBBoWkMbJ674EJCCBxgkoII0HUPclIAEJ7EVAAdmLvP3uTeDr4UDaN2J/C8v+oru2N72XAAQUEChoLRPIpFwKwDdjQNfstXFN2iuxv4Vlf9d8y/PlmMJFNwnURUABqSseenOZAGKRSTWTbCblUgAut3L9bLb9SHm9l+tXlGMqfYHB9bu9QgIrE1BAVgY82ryV1wiMCQUJFL', NULL, 'Pepito Perez', '1023589666', '', 'Claro', 'Tecnico'),
(123, 63, 9, NULL, NULL, 'foto_9_63_20250917_100240_1.png', NULL, NULL, NULL, NULL, NULL, NULL),
(124, 63, 10, NULL, NULL, 'data:image/png;base64,iVBORw0KGgoAAAANSUhEUgAAAZAAAADICAYAAADGFbfiAAAQAElEQVR4AeydO8g13VXHz5cYNYlXRPDSqIXaKNiIhaKCtWghaGlh4aUQtFRUtFRsvICVnRaCgm0gIRdCikBImqQISZMLIZD7PV+S9Tt51pP9zjtzLnPmsvee38esd8/smdl77d/ae/1nznme53vNyf8kIAEJSEACMwgoIDOgeYsEJCABCZxOCoizQAJ7EbBfCTROQAFpPIC6LwEJSGAvAgrIXuTtVwISkEDjBBoWkMbJ674EJCCBxgkoII0HUPclIAEJ7EVAAdmLvP3uTeDr4UDaN2J/C8v+oru2N72XAAQUEChoLRPIpFwKwDdjQNfstXFN2iuxv4Vlf9d8y/PlmMJFNwnURUABqSseenOZAGKRSTWTbCblUgAut3L9bLb9SHm9l+tXlGMqfYHB9bu9QgIrE1BAVgY82ryV1wiMCQUJFL', NULL, 'Pepito Perez', '1023589666', '', 'Claro', 'Tecnico'),
(125, 64, 9, NULL, NULL, NULL, NULL, NULL, NULL, NULL, NULL, NULL),
(126, 64, 10, NULL, NULL, 'data:image/png;base64,iVBORw0KGgoAAAANSUhEUgAAAZAAAADICAYAAADGFbfiAAAQAElEQVR4AeydS8gt2VXHj9Gku9NtJxKDJEbwNXGgOBEdmPgAQRAcKWQYB07UiQ4FSceJI8GBguggQw06EwSdxEcEHThQJ4KComhCjEl3Op3udGt0/c69/3PX3V/VOVV1dlXtqvpfan37vR7/vfZaVfWd79y3nfzPCBgBI2AEjMAEBJxAJoDmJUbACBgBI3A6OYHYC4zAWghYrhHYOAJOIBvfQKtvBIyAEVgLASeQtZC3XCNgBIzAxhHYcALZOPJW3wgYASOwcQSGJpCXws6vBv3fBGJdLPNlBIyAETACe0JgSAJ5Iwz+aNDXBE25WJcTzxQeXmMEjEBDCFgVIwACQxLI1zHxMZEI/jfqQ4n5Mf2piz6eSqCnBtwwAkbACBiB7SAwJIFka5hPQhlKzFeyyQmDpxKIZAJlGa4bASNgBIzABh', NULL, 'Pepito Perez', '1023589666', '', 'Claro', 'Tecnico'),
(127, 65, 9, NULL, NULL, NULL, NULL, NULL, NULL, NULL, NULL, NULL),
(128, 65, 10, NULL, NULL, 'data:image/png;base64,iVBORw0KGgoAAAANSUhEUgAAAZAAAADICAYAAADGFbfiAAAQAElEQVR4Aeydya4kvVpFD30zuPQSjUQjwVMAEkhMYQwzEDwAPAEwZAQPAIIZiCGMEUhcngIkmgEICUQPAm7ndf6zq1xxIiMjMqOxIxbKXY7GYX9etr+dkfXX5atf/D8JSEACEpDAAwQ0kAeg+YgEJCABCby8aCCuAgkcRcB+JdA5AQ2k8wk0fAlIQAJHEdBAjiJvvxKQgAQ6J9CxgXRO3vAlIAEJdE5AA+l8Ag1fAhKQwFEENJCjyNuvBDomYOgSgIAGAgUlAQlIQAKLCWggi5H5gAQkIAEJQEADgcLesj8JSEACJyCggZxgEh2CBCQggSMIaCBHULdPCUjgKAL2uyIBDWRFmDYlAQlI4EoENJArzbZjlYAEJLAiAQ1kRZhXaMoxSkACEggBDSQkLCUgAQlIYBEBDWQRLitLQAISOIpAe/', NULL, 'Pepito Perez', '1023589666', '', 'Claro', 'Tecnico'),
(129, 66, 9, NULL, NULL, NULL, NULL, NULL, NULL, NULL, NULL, NULL),
(130, 66, 10, NULL, NULL, 'data:image/png;base64,iVBORw0KGgoAAAANSUhEUgAAAZAAAADICAYAAADGFbfiAAAQAElEQVR4AeydS681z3XWj7mFEHBCLmAccMAi4gswAyQiMWBCJCSQQEIIsAfMgA+AAgIhMSJDBtgQMQARKQOYIKQIJMKIOQOwZGJw4iR27vd7/c7/POd9Tp2q7uru6u7q3utVr1O3VavWeqpqre7avff7O562/fsvqftvVeg3U/2vJ/p5o19L+Rq/1/9q4jv68vFrYzvPXB77sb0mK+rbEfiZxFrC+8dS/dHXD6cBfyURa/s3Uso8l3RbUpfExLUDAszTknmY4mWecyrxw1OqZ63sYGKzyJpev9gsocC4NYC4SHf6H0sNyP5dKf39Rj+X8j+diPaUVK/fnVqYBIxO2d2vry0cgUCIDdBPpr4lPWn7htSGHRAOJxUPvUp6HapAp8E+bnJ8nf2hVL8kiBDQmbvUbfKacjyfSj1/T6LfmYg1zj', NULL, 'Pepito Perez', '1023589666', '', 'Claro', 'Tecnico'),
(131, 67, 9, NULL, NULL, NULL, NULL, NULL, NULL, NULL, NULL, NULL),
(132, 67, 10, NULL, NULL, 'data:image/png;base64,iVBORw0KGgoAAAANSUhEUgAAAZAAAADICAYAAADGFbfiAAAQAElEQVR4AeydS681z3XWj7mFEHBCLmAccMAi4gswAyQiMWBCJCSQQEIIsAfMgA+AAgIhMSJDBtgQMQARKQOYIKQIJMKIOQOwZGJw4iR27vd7/c7/POd9Tp2q7uru6u7q3utVr1O3VavWeqpqre7avff7O562/fsvqftvVeg3U/2vJ/p5o19L+Rq/1/9q4jv68vFrYzvPXB77sb0mK+rbEfiZxFrC+8dS/dHXD6cBfyURa/s3Uso8l3RbUpfExLUDAszTknmY4mWecyrxw1OqZ63sYGKzyJpev9gsocC4NYC4SHf6H0sNyP5dKf39Rj+X8j+diPaUVK/fnVqYBIxO2d2vry0cgUCIDdBPpr4lPWn7htSGHRAOJxUPvUp6HapAp8E+bnJ8nf2hVL8kiBDQmbvUbfKacjyfSj1/T6LfmYg1zj', NULL, 'Pepito Perez', '1023589666', '', 'Claro', 'Tecnico'),
(133, 68, 9, NULL, NULL, NULL, NULL, NULL, NULL, NULL, NULL, NULL),
(134, 68, 10, NULL, NULL, 'data:image/png;base64,iVBORw0KGgoAAAANSUhEUgAAAZAAAADICAYAAADGFbfiAAAQAElEQVR4Aezdeews0VIX8MEFBdnXJ+BDHuCCGyagBFwAjUEiiwYMIhERjPgHQdyQiMEFN8RISFQ0gBA0GFlURDEgigokgIkKiBGBJw/ZV5EHKCqez+/d+r2653b3dM/0zHTPr2667tnq1KnzPXWqepv+/YzDef++tHX/6RH6f63+/zT6sUQ/1fJj/Ln+fze+ax95/LGxM8+xvPmb+5isqp+PwP9orEN4f2+rv/bx7W3A/9WIbf/fllrnId2W1DUxdVwAAeu0ZB2meK1zT0P8eIbq2coFpjhb5JhePz5bwgDjuQEki8xO/zVaA9k/q6Wvk+h/tvyPNNLektHjZ7cWi2DSLXvx4wcXjiAQmgP6odZ3SE9tP6+1mQficFrxqseQXldVYKXBXi/JyXb2Zq1+SRAR0K1d6zZ5TDmel7aer9noZz', NULL, 'Pepito Perez', '1023589666', '', 'Claro', 'Tecnico'),
(135, 69, 9, NULL, NULL, NULL, NULL, NULL, NULL, NULL, NULL, NULL),
(136, 69, 10, NULL, NULL, 'data:image/png;base64,iVBORw0KGgoAAAANSUhEUgAAAZAAAADICAYAAADGFbfiAAAQAElEQVR4Aezdeews0VIX8MEFBdnXJ+BDHuCCGyagBFwAjUEiiwYMIhERjPgHQdyQiMEFN8RISFQ0gBA0GFlURDEgigokgIkKiBGBJw/ZV5EHKCqez+/d+r2653b3dM/0zHTPr2667tnq1KnzPXWqepv+/YzDef++tHX/6RH6f63+/zT6sUQ/1fJj/Ln+fze+ax95/LGxM8+xvPmb+5isqp+PwP9orEN4f2+rv/bx7W3A/9WIbf/fllrnId2W1DUxdVwAAeu0ZB2meK1zT0P8eIbq2coFpjhb5JhePz5bwgDjuQEki8xO/zVaA9k/q6Wvk+h/tvyPNNLektHjZ7cWi2DSLXvx4wcXjiAQmgP6odZ3SE9tP6+1mQficFrxqseQXldVYKXBXi/JyXb2Zq1+SRAR0K1d6zZ5TDmel7aer9noZz', NULL, 'Pepito Perez', '1023589666', '', 'Claro', 'Tecnico'),
(137, 70, 9, NULL, NULL, NULL, NULL, NULL, NULL, NULL, NULL, NULL),
(138, 70, 10, NULL, NULL, 'data:image/png;base64,iVBORw0KGgoAAAANSUhEUgAAAZAAAADICAYAAADGFbfiAAAQAElEQVR4AezdCaw1TVMX8Iv7AsjOx76LoGwKSkQR0BhA2RJIAImIgKCJQVREI4sgagRUQkRRASFoQEFQBDEgiogaQARZBdl3PlZFcEOxf+e9dd+6/fTMmTlnZs6ce/rJ1NPd1dXV1f+q7p7tzP1Fd+f9+5LS/BcG6P8V/s8X+u+J/k/JD8ln/v8uclsfuf+hvrPMsbzxG/uQrs6fjsB/LaItvH+08Lc+vrd0+L8Kie3/W1J+btk2h1fU9GMFBPhpjh/GZPm5ppY8mRZfrKwwxMkqh+z6uckaGoLnbiBZZV70X6RU0P1LSvqiiX6m5H+6kPqSDB6/tNRwgkGX7OrHT8zswUZoDOgnS9uWnep+dakzDmTBKcVNj5ZdmxqwUGcvnvTkOHu5wp+zidjQ+a40Gz3GFp5XLS1/WaFfXEiM83PJnn', NULL, 'Pepito Perez', '1023589666', '', 'Claro', 'Tecnico'),
(139, 71, 9, NULL, NULL, NULL, NULL, NULL, NULL, NULL, NULL, NULL),
(140, 71, 10, NULL, NULL, 'data:image/png;base64,iVBORw0KGgoAAAANSUhEUgAAAZAAAADICAYAAADGFbfiAAAQAElEQVR4Aeycu671yFZGN7cY8QYESJDyMOQECAkSXgIyYsiJeQgegRBEACkZEQJxOazxs78+sy3by17LXlVlj6N/dpXrMi+jqubcu7tP/+qX/5OABCQgAQm8QMAC8gI0t0hAAhKQwNeXBcRbIIFWBLQrgcEJWEAGP0Ddl4AEJNCKgAWkFXntSkACEhicwMAFZHDyui8BCUhgcAIWkMEPUPclIAEJtCJgAWlFXrsSGJiArksAAhYQKCgSkIAEJLCbgAVkNzI3SEACEpAABCwgUPi0aE8CEpDABQhYQC5wiIYgAQlIoAUBC0gL6tqUgARaEdDugQQsIAfCVJUEJCCBOxGwgNzptI1VAhKQwIEELCAHwryDKmOUgAQkEAIWkJCwlYAEJCCBXQQsILtwuVgCEpBAKwL92bWA9HcmeiQBCUhgCA', NULL, 'Pepito Perez', '1023589666', '', 'Claro', 'Tecnico'),
(141, 72, 9, NULL, NULL, 'foto_9_72_20250917_103957_1.png', NULL, NULL, NULL, NULL, NULL, NULL),
(142, 72, 10, NULL, NULL, 'data:image/png;base64,iVBORw0KGgoAAAANSUhEUgAAAZAAAADICAYAAADGFbfiAAAQAElEQVR4Aeydu480S1JHZxf2IVaAAQbggMDBwkNCAg9csHH568AGF4QDHh4WBggHkBAYrACxu7zy9P1ibkxNVXdXdVXlo86qYzIrKx8RJ7PiN9397dxvvvk/CUhAAhKQwAYCCsgGaA6RgAQkIIG3NwXEUyCBWgRcVwKdE1BAOt9A3ZeABCRQi4ACUou860pAAhLonEDHAtI5ed2XgAQk0DkBBaTzDdR9CUhAArUIKCC1yLuuBDomoOsSgIACAgVNAhKQgARWE1BAViNzgAQkIAEJQEABgcLZ5noSkIAEBiCggAywiYYgAQlIoAYBBaQGddeUgARqEXDdHQkoIDvCdCoJSEACVyKggFxpt41VAhKQwI4EFJAdYV5hKmOUgAQkEAQUkCBhKQEJSEACqwgoIKtw2VkCEpBALQLtrauAtLcnei', NULL, 'Pepito Perez', '1023589666', '', 'Claro', 'Tecnico'),
(143, 73, 9, NULL, NULL, 'foto_9_73_20250917_104357_1.png', NULL, NULL, NULL, NULL, NULL, NULL),
(144, 73, 10, NULL, NULL, 'data:image/png;base64,iVBORw0KGgoAAAANSUhEUgAAAZAAAADICAYAAADGFbfiAAAQAElEQVR4Aeydu480S1JHZxf2IVaAAQbggMDBwkNCAg9csHH568AGF4QDHh4WBggHkBAYrACxu7zy9P1ibkxNVXdXdVXlo86qYzIrKx8RJ7PiN9397dxvvvk/CUhAAhKQwAYCCsgGaA6RgAQkIIG3NwXEUyCBWgRcVwKdE1BAOt9A3ZeABCRQi4ACUou860pAAhLonEDHAtI5ed2XgAQk0DkBBaTzDdR9CUhAArUIKCC1yLuuBDomoOsSgIACAgVNAhKQgARWE1BAViNzgAQkIAEJQEABgcLZ5noSkIAEBiCggAywiYYgAQlIoAYBBaQGddeUgARqEXDdHQkoIDvCdCoJSEACVyKggFxpt41VAhKQwI4EFJAdYV5hKmOUgAQkEAQUkCBhKQEJSEACqwgoIKtw2VkCEpBALQLtrauAtLcnei', NULL, 'Pepito Perez', '1023589666', '', 'Claro', 'Tecnico'),
(145, 74, 9, NULL, NULL, NULL, NULL, NULL, NULL, NULL, NULL, NULL);
INSERT INTO `respuesta_campo` (`id`, `respuesta_formulario_id`, `campo_id`, `valor_texto`, `valor_fecha`, `valor_archivo`, `valor_json`, `nombre_firmante`, `documento_firmante`, `telefono_firmante`, `empresa_firmante`, `cargo_firmante`) VALUES
(146, 74, 10, NULL, NULL, 'data:image/png;base64,iVBORw0KGgoAAAANSUhEUgAAAZAAAADICAYAAADGFbfiAAAQAElEQVR4AeydO6wsy1WG5xrM09jYXATGEgkJCZDzEAhIQSARmBRB4JjURkikIDIHSMSACECQ8pCQCUkgR0ICjHRBNo+L5bfXN3evc+r0npk9j+6u13fUa7q6urtqrW9V17+7e+857zv4TwISkIAEJHAHAQXkDmieIgEJSEACh4MC4iiQQC0C9iuBzgkoIJ0nUPclIAEJ1CKggNQib78SkIAEOifQsYB0Tl73JSABCXROQAHpPIG6LwEJSKAWAQWkFnn7lUDHBHRdAhBQQKCgSUACEpDAzQQUkJuReYIEJCABCUBAAYHC3mZ/EpCABAYgoIAMkERDkIAEJFCDgAJSg7p9SkACtQjY74oEFJAVYdqUBCQggZkIKCAzZdtYJSABCaxIQAFZEeYMTRmjBCQggSSggCQJ1xKQgAQkcBMBBeQmXB', NULL, 'Pepito Perez', '1023589666', '', 'Claro', 'Tecnico'),
(147, 75, 9, NULL, NULL, NULL, NULL, NULL, NULL, NULL, NULL, NULL),
(148, 75, 10, NULL, NULL, 'data:image/png;base64,iVBORw0KGgoAAAANSUhEUgAAAZAAAADICAYAAADGFbfiAAAQAElEQVR4AeydO6wsy1WG5xrM09jYXATGEgkJCZDzEAhIQSARmBRB4JjURkikIDIHSMSACECQ8pCQCUkgR0ICjHRBNo+L5bfXN3evc+r0npk9j+6u13fUa7q6urtqrW9V17+7e+857zv4TwISkIAEJHAHAQXkDmieIgEJSEACh4MC4iiQQC0C9iuBzgkoIJ0nUPclIAEJ1CKggNQib78SkIAEOifQsYB0Tl73JSABCXROQAHpPIG6LwEJSKAWAQWkFnn7lUDHBHRdAhBQQKCgSUACEpDAzQQUkJuReYIEJCABCUBAAYHC3mZ/EpCABAYgoIAMkERDkIAEJFCDgAJSg7p9SkACtQjY74oEFJAVYdqUBCQggZkIKCAzZdtYJSABCaxIQAFZEeYMTRmjBCQggSSggCQJ1xKQgAQkcBMBBeQmXB', NULL, 'Pepito Perez', '1023589666', '', 'Claro', 'Tecnico'),
(149, 76, 9, NULL, NULL, NULL, NULL, NULL, NULL, NULL, NULL, NULL),
(150, 76, 10, NULL, NULL, 'data:image/png;base64,iVBORw0KGgoAAAANSUhEUgAAAZAAAADICAYAAADGFbfiAAAQAElEQVR4AeydO6wsy1WG5xrM09jYXATGEgkJCZDzEAhIQSARmBRB4JjURkikIDIHSMSACECQ8pCQCUkgR0ICjHRBNo+L5bfXN3evc+r0npk9j+6u13fUa7q6urtqrW9V17+7e+857zv4TwISkIAEJHAHAQXkDmieIgEJSEACh4MC4iiQQC0C9iuBzgkoIJ0nUPclIAEJ1CKggNQib78SkIAEOifQsYB0Tl73JSABCXROQAHpPIG6LwEJSKAWAQWkFnn7lUDHBHRdAhBQQKCgSUACEpDAzQQUkJuReYIEJCABCUBAAYHC3mZ/EpCABAYgoIAMkERDkIAEJFCDgAJSg7p9SkACtQjY74oEFJAVYdqUBCQggZkIKCAzZdtYJSABCaxIQAFZEeYMTRmjBCQggSSggCQJ1xKQgAQkcBMBBeQmXB', NULL, 'Pepito Perez', '1023589666', '', 'Claro', 'Tecnico'),
(151, 77, 9, NULL, NULL, NULL, NULL, NULL, NULL, NULL, NULL, NULL),
(152, 77, 10, NULL, NULL, 'data:image/png;base64,iVBORw0KGgoAAAANSUhEUgAAAZAAAADICAYAAADGFbfiAAAQAElEQVR4AeydO6wsy1WG5xrM09jYXATGEgkJCZDzEAhIQSARmBRB4JjURkikIDIHSMSACECQ8pCQCUkgR0ICjHRBNo+L5bfXN3evc+r0npk9j+6u13fUa7q6urtqrW9V17+7e+857zv4TwISkIAEJHAHAQXkDmieIgEJSEACh4MC4iiQQC0C9iuBzgkoIJ0nUPclIAEJ1CKggNQib78SkIAEOifQsYB0Tl73JSABCXROQAHpPIG6LwEJSKAWAQWkFnn7lUDHBHRdAhBQQKCgSUACEpDAzQQUkJuReYIEJCABCUBAAYHC3mZ/EpCABAYgoIAMkERDkIAEJFCDgAJSg7p9SkACtQjY74oEFJAVYdqUBCQggZkIKCAzZdtYJSABCaxIQAFZEeYMTRmjBCQggSSggCQJ1xKQgAQkcBMBBeQmXB', NULL, 'Pepito Perez', '1023589666', '', 'Claro', 'Tecnico'),
(153, 78, 9, NULL, NULL, 'foto_9_78_20250917_105353_1.png', NULL, NULL, NULL, NULL, NULL, NULL),
(154, 78, 10, NULL, NULL, 'data:image/png;base64,iVBORw0KGgoAAAANSUhEUgAAAZAAAADICAYAAADGFbfiAAAQAElEQVR4Aeydu64ty1WGp83FN4ztnABBQmJnSAQgIYF4Al4BJGIIISKFlADeAF4BRABkREAKL4AEtvEVg6G+dfa/T61ePa9rdnddvqMeq6qru6vG+Kpq/LPnXmfvz578TwISkIAEJPAAAQXkAWg+IgEJSEACp5MC4iqQwFEEHFcCnRNQQDqfQN2XgAQkcBQBBeQo8o4rAQlIoHMCHQtI5+R1XwISkEDnBBSQzidQ9yUgAQkcRUABOYq840qgYwK6LgEIKCBQ0CQgAQlI4G4CCsjdyHxAAhKQgAQgoIBAYW9zPAlIQAIDEFBABphEQ5CABCRwBAEF5AjqjikBCRxFwHGfSEABeSJMu5KABCQwEwEFZKbZNlYJSEACTySggDwR5gxdGaMEJCCBEFBAQsJSAhKQgATuIqCA3IXLmyUgAQkcRa', NULL, 'Pepito Perez', '1023589666', '', 'Claro', 'Tecnico'),
(155, 79, 9, NULL, NULL, 'foto_9_79_20250917_105527_1.png', NULL, NULL, NULL, NULL, NULL, NULL),
(156, 79, 10, NULL, NULL, 'data:image/png;base64,iVBORw0KGgoAAAANSUhEUgAAAZAAAADICAYAAADGFbfiAAAQAElEQVR4Aeydu64ty1WGp83FN4ztnABBQmJnSAQgIYF4Al4BJGIIISKFlADeAF4BRABkREAKL4AEtvEVg6G+dfa/T61ePa9rdnddvqMeq6qru6vG+Kpq/LPnXmfvz578TwISkIAEJPAAAQXkAWg+IgEJSEACp5MC4iqQwFEEHFcCnRNQQDqfQN2XgAQkcBQBBeQo8o4rAQlIoHMCHQtI5+R1XwISkEDnBBSQzidQ9yUgAQkcRUABOYq840qgYwK6LgEIKCBQ0CQgAQlI4G4CCsjdyHxAAhKQgAQgoIBAYW9zPAlIQAIDEFBABphEQ5CABCRwBAEF5AjqjikBCRxFwHGfSEABeSJMu5KABCQwEwEFZKbZNlYJSEACTySggDwR5gxdGaMEJCCBEFBAQsJSAhKQgATuIqCA3IXLmyUgAQkcRa', NULL, 'Pepito Perez', '1023589666', '', 'Claro', 'Tecnico'),
(157, 80, 9, NULL, NULL, NULL, NULL, NULL, NULL, NULL, NULL, NULL),
(158, 80, 10, NULL, NULL, 'data:image/png;base64,iVBORw0KGgoAAAANSUhEUgAAAZAAAADICAYAAADGFbfiAAAQAElEQVR4Aeydz9ItTTaHd+tGt3+tTQQiBMLAxCUIXIQ5ERgwMTMSJgZmZgyE4ALcAyFcgZkQAgPCiNaC1mjk857z++S7z669d+36l5n1fLHXm1lZVZlrPWvlWlX7Ped833LxPwlIQAISkMALBCwgL0DzFglIQAISuFwsIEaBBI4i4LoS6JyABaRzB6q+BCQggaMIWECOIu+6EpCABDon0HEB6Zy86ktAAhLonIAFpHMHqr4EJCCBowhYQI4i77pHEPjvsuj/FPnfBcL918K8ZcrzfLRUAhCwgEBBGZkAyZ2ET9H4fDH0c0WWfLj/WpiX+aeE9ZEl63qvBJojYAFpziUqtJBACgYJm4ROcifhZ1rGlkjmmdOyPpJ10W3O/V4rgSYJWECOcItrrk0gRYMEnYJBws46jCOMEfNLhDmm5JtlwQ', NULL, 'Pepito Perez', '1023589666', '6546541', 'Claro', 'Tecnico'),
(159, 81, 9, NULL, NULL, NULL, NULL, NULL, NULL, NULL, NULL, NULL),
(160, 81, 10, NULL, NULL, 'data:image/png;base64,iVBORw0KGgoAAAANSUhEUgAAAZAAAADICAYAAADGFbfiAAAQAElEQVR4Aeydua81yVmHzwAWY4wXFoEAgVkCQAgikxGAjCAyEgEShISE/AU2OQEZqYkgIEAmAhlhCTITgYQgYJWwQCDGDGDPYMB+n+v7fqqv79m6Ty+1PKN+b1VX1/Y+tfxu9blnvq85+Z8EJCABCUhgAQEFZAE0i0hAAhKQwOmkgDgLJHAUAduVQOMEFJDGB9DuS0ACEjiKgAJyFHnblYAEJNA4gYYFpHHydl8CEpBA4wQUkMYH0O5LQAISOIqAAnIUeduVQMME7LoEIKCAQEGTgAQkIIHZBBSQ2cgsIAEJSEACEFBAoLC32Z4EJCCBDggoIB0Moi5IQAISOIKAAnIEdduUgASOImC7KxJQQFaEaVUSkIAERiKggIw02voqAQlIYEUCCsiKMEeoSh8lIAEJJAEFJEkYSkACEpDALAIKyC', NULL, 'Pepito Perez', '1023589666', '', 'Claro', 'Tecnico'),
(161, 82, 9, NULL, NULL, NULL, NULL, NULL, NULL, NULL, NULL, NULL),
(162, 82, 10, NULL, NULL, 'data:image/png;base64,iVBORw0KGgoAAAANSUhEUgAAAZAAAADICAYAAADGFbfiAAAQAElEQVR4Aeydua81yVmHzwAWY4wXFoEAgVkCQAgikxGAjCAyEgEShISE/AU2OQEZqYkgIEAmAhlhCTITgYQgYJWwQCDGDGDPYMB+n+v7fqqv79m6Ty+1PKN+b1VX1/Y+tfxu9blnvq85+Z8EJCABCUhgAQEFZAE0i0hAAhKQwOmkgDgLJHAUAduVQOMEFJDGB9DuS0ACEjiKgAJyFHnblYAEJNA4gYYFpHHydl8CEpBA4wQUkMYH0O5LQAISOIqAAnIUeduVQMME7LoEIKCAQEGTgAQkIIHZBBSQ2cgsIAEJSEACEFBAoLC32Z4EJCCBDggoIB0Moi5IQAISOIKAAnIEdduUgASOImC7KxJQQFaEaVUSkIAERiKggIw02voqAQlIYEUCCsiKMEeoSh8lIAEJJAEFJEkYSkACEpDALAIKyC', NULL, 'Pepito Perez', '1023589666', '', 'Claro', 'Tecnico'),
(163, 83, 9, NULL, NULL, NULL, NULL, NULL, NULL, NULL, NULL, NULL),
(164, 83, 10, NULL, NULL, 'data:image/png;base64,iVBORw0KGgoAAAANSUhEUgAAAZAAAADICAYAAADGFbfiAAAQAElEQVR4Aeydy689yxTHjzfxiGciYkCYGBBzJIQpI+YkZgz4C/AXMGAozBkx9UowljAgkSAxEAlxvcV7ffY96966fXvv3b13d1dV90d6narurq611qce3937HL/73Af/JwEJSEACEriBgAJyAzQfkYAEJCCBhwcFxFkggVoE9CuBzgkoIJ0PoOFLQAISqEVAAalFXr8SkIAEOifQsYB0Tt7wJSABCXROQAHpfAANXwISkEAtAgpILfL6lUDHBAxdAhBQQKCgSUACEpDAbAIKyGxkPiABCUhAAhBQQKCwtelPAhKQwA4IKCA7GERTkIAEJFCDgAJSg7o+JSCBWgT0uyABBWRBmHYlAQlI4EgEFJAjjba5SkACEliQgAKyIMwjdGWOEpCABJKAApIkLCUgAQlIYBYBBWQWLhtLQAISqEWgPb', NULL, 'Pepito Perez', '1023589666', '', 'Claro', 'Tecnico'),
(165, 84, 9, NULL, NULL, NULL, NULL, NULL, NULL, NULL, NULL, NULL),
(166, 84, 10, NULL, NULL, 'data:image/png;base64,iVBORw0KGgoAAAANSUhEUgAAAZAAAADICAYAAADGFbfiAAAQAElEQVR4Aeydy689yxTHjzfxiGciYkCYGBBzJIQpI+YkZgz4C/AXMGAozBkx9UowljAgkSAxEAlxvcV7ffY96966fXvv3b13d1dV90d6narurq611qce3937HL/73Af/JwEJSEACEriBgAJyAzQfkYAEJCCBhwcFxFkggVoE9CuBzgkoIJ0PoOFLQAISqEVAAalFXr8SkIAEOifQsYB0Tt7wJSABCXROQAHpfAANXwISkEAtAgpILfL6lUDHBAxdAhBQQKCgSUACEpDAbAIKyGxkPiABCUhAAhBQQKCwtelPAhKQwA4IKCA7GERTkIAEJFCDgAJSg7o+JSCBWgT0uyABBWRBmHYlAQlI4EgEFJAjjba5SkACEliQgAKyIMwjdGWOEpCABJKAApIkLCUgAQlIYBYBBWQWLhtLQAISqEWgPb', NULL, 'Pepito Perez', '1023589666', '', 'Claro', 'Tecnico'),
(167, 85, 9, NULL, NULL, NULL, NULL, NULL, NULL, NULL, NULL, NULL),
(168, 85, 10, NULL, NULL, 'data:image/png;base64,iVBORw0KGgoAAAANSUhEUgAAAZAAAADICAYAAADGFbfiAAAQAElEQVR4Aeydu8s1VxWHXy+J0XhJgmAnEbSw8w+IoCBYW9griqA2CraigtZaaaNoLRbWgijEXrCxUIitRUy8xUhi4nqO73rd3+Sc7505Z+bMvjxhrzO3PXuv9ayZ/Xv3TM753nzjfxKQgAQkIIEzCCggZ0DzFAlIQAISuLlRQLwKJLAXAfuVQOMEFJDGE6j7EpCABPYioIDsRd5+JSABCTROoGEBaZy87ktAAhJonIAC0ngCdV8CEpDAXgQUkL3I268EGiag6xKAgAICBU0CEpCABBYTUEAWI/MECUhAAhKAgAIChWub/UlAAhLogIAC0kESDUECEpDAHgQUkD2o26cEJLAXAftdkYACsiJMm5KABCQwEgEFZKRsG6sEJCCBFQkoICvCHKEpY5SABCSQBBSQJOFSAhKQgAQWEVBAFuGysg', NULL, 'Pepito Perez', '1023589666', '', 'Claro', 'Tecnico'),
(169, 86, 9, NULL, NULL, NULL, NULL, NULL, NULL, NULL, NULL, NULL),
(170, 86, 10, NULL, NULL, 'data:image/png;base64,iVBORw0KGgoAAAANSUhEUgAAAZAAAADICAYAAADGFbfiAAAQAElEQVR4Aeydu8s1VxWHXy+J0XhJgmAnEbSw8w+IoCBYW9griqA2CraigtZaaaNoLRbWgijEXrCxUIitRUy8xUhi4nqO73rd3+Sc7505Z+bMvjxhrzO3PXuv9ayZ/Xv3TM753nzjfxKQgAQkIIEzCCggZ0DzFAlIQAISuLlRQLwKJLAXAfuVQOMEFJDGE6j7EpCABPYioIDsRd5+JSABCTROoGEBaZy87ktAAhJonIAC0ngCdV8CEpDAXgQUkL3I268EGiag6xKAgAICBU0CEpCABBYTUEAWI/MECUhAAhKAgAIChWub/UlAAhLogIAC0kESDUECEpDAHgQUkD2o26cEJLAXAftdkYACsiJMm5KABCQwEgEFZKRsG6sEJCCBFQkoICvCHKEpY5SABCSQBBSQJOFSAhKQgAQWEVBAFuGysg', NULL, 'Pepito Perez', '1023589666', '', 'Claro', 'Tecnico'),
(171, 87, 9, NULL, NULL, NULL, NULL, NULL, NULL, NULL, NULL, NULL),
(172, 87, 10, NULL, NULL, 'data:image/png;base64,iVBORw0KGgoAAAANSUhEUgAAAZAAAADICAYAAADGFbfiAAAQAElEQVR4AeycS6883RSHj/tt4BJCmBCRmBsiIaYMJaZixoRPYGLOQGLAF5AYMZUweE3NJYIJcScS4s5++px13n3q36e7q7tqX583tXrvqtpVa+1n7Vq/7j79f195538SkIAEJCCBKwgoIFdA8xIJSEACEri7U0BcBRKoRUC/EuicgALSeQINXwISkEAtAgpILfL6lYAEJNA5gY4FpHPyhi8BCUigcwIKSOcJNHwJSEACtQgoILXI61cCHRMwdAlAQAGBgiYBCUhAAqsJKCCrkXmBBCQgAQlAQAGBQmnTnwQkIIEBCCggAyTRKUhAAhKoQUABqUFdnxKQQC0C+t2QgAKyIUxvJQEJSGAmAgrITNl2rhKQgAQ2JKCAbAhzhls5RwlIQAJBQAEJErYSkIAEJLCKgAKyCpeDJSABCdQi0J5fBa', NULL, 'Pepito Perez', '1023589666', '', 'Claro', 'Tecnico'),
(173, 88, 9, NULL, NULL, NULL, NULL, NULL, NULL, NULL, NULL, NULL),
(174, 88, 10, NULL, NULL, 'data:image/png;base64,iVBORw0KGgoAAAANSUhEUgAAAZAAAADICAYAAADGFbfiAAAQAElEQVR4Aeydu84szVWG58eAOAkbZGRAAgMmIIGIACSQ4B64ABICEAkiBQGCkIAEkEi4AC4CJBzYcmZHtuWjLPksn8/H9czea7t2fz3zTc9Ud1V1P796TVV3V1eteqpqvV93z+z/x07+JwEJSEACEriDgAJyBzQvkYAEJCCB00kBcRZIoBUB25XA4AQUkMEHUPclIAEJtCKggLQib7sSkIAEBicwsIAMTl73JSABCQxOQAEZfAB1XwISkEArAgpIK/K2K4GBCei6BCCggEBBk4AEJCCBxQQUkMXIvEACEpCABCCggEBha7M9CUhAAjsgoIDsYBDtggQkIIEWBBSQFtRtUwISaEXAdisSUEAqwrQqCUhAAkcioIAcabTtqwQkIIGKBBSQijCPUJV9lIAEJJAEFJAkYSoBCUhAAosIKCCLcF', NULL, 'Pepito Perez', '1023589666', '', 'Claro', 'Tecnico'),
(175, 89, 9, NULL, NULL, NULL, NULL, NULL, NULL, NULL, NULL, NULL),
(176, 89, 10, NULL, NULL, 'data:image/png;base64,iVBORw0KGgoAAAANSUhEUgAAAZAAAADICAYAAADGFbfiAAAQAElEQVR4Aeycu7N1zbSH9znH5XDudahCICARkJEJBFJiQgH/Bn8HARkxsVAmk6lChCq3osr9c+tnv+/Y+us959pzrjXn6tuj5tjds2dfRj+ju39rrvW9/vXB/0lAAhKQgASuIKCAXAHNJhKQgAQk8PCggLgKJFCLgONKoHMCCkjnAdR9CUhAArUIKCC1yDuuBCQggc4JdCwgnZPXfQlIQAKdE1BAOg+g7ktAAhKoRUABqUXecSXQMQFdlwAEFBAoaBKQgAQksJuAArIbmQ0kIAEJSAACCggU7m2OJwEJSGAAAgrIAEF0ChKQgARqEFBAalB3TAlIoBYBxz2QgAJyIEy7koAEJDATAQVkpmg7VwlIQAIHElBADoQ5Q1fOUQISkEAQUECChKkEJCABCewioIDswmVlCUhAArUItDeuAtJeTP', NULL, 'Pepito Perez', '1023589666', '', 'Claro', 'Tecnico'),
(177, 90, 9, NULL, NULL, 'foto_9_90_20250917_113208_1.jpg,foto_9_90_20250917_113208_2.jpg', NULL, NULL, NULL, NULL, NULL, NULL),
(178, 90, 10, NULL, NULL, 'data:image/png;base64,iVBORw0KGgoAAAANSUhEUgAAAZAAAADICAYAAADGFbfiAAAQAElEQVR4AeydTax93znHf95LUyohqk3UW8KkRozqpaJTYiJhRsKEDohOJRJmIjVpJERqIiQkhCmpehkxqgkR2hJVommVVouq9bn/+7197vrts88+5+xz9tl7f/7Zz11vz3rWsz5rr+e55/7+v9/93Bf+JwEJSEACEjiDgAnkDGhOkYAEJCCBFy9MIL4FEliKgOtKYOUETCArP0Ddl4AEJLAUARPIUuRdVwISkMDKCaw4gaycvO5LQAISWDkBE8jKD1D3JSABCSxFwASyFHnXlcCKCei6BCBgAoGCIgEJSEACJxMwgZyMzAkSkIAEJAABEwgUbi2uJwEJSGADBEwgGzhEtyABCUhgCQImkCWou6YEJLAUAdedkYAJZEaYmpKABCSwJwImkD2dtnuVgAQkMCMBE8iMMPdgyj1KQAISCAETSE', NULL, 'Pepito', '14634', '36806', 'Gggkj', 'Guih'),
(179, 91, 9, NULL, NULL, 'foto_9_91_20250917_113530_1.png', NULL, NULL, NULL, NULL, NULL, NULL),
(180, 91, 10, NULL, NULL, 'data:image/png;base64,iVBORw0KGgoAAAANSUhEUgAAAZAAAADICAYAAADGFbfiAAAQAElEQVR4Aeydy64sNxWGd7gnSBFC4j5BAgkmMEJixIC3YAZIvEfyIjwAb8GAEcxgAkICBoBACCEULgkEgr+ts5BTqe6uri5f60O1jt0ue63lzy7/p3pvTt735P8kIAEJSEACOwgoIDugOUQCEpCABJ6eFBB3gQRaETCuBAYnoIAMvoCmLwEJSKAVAQWkFXnjSkACEhicwMACMjh505eABCQwOAEFZPAFNH0JSEACrQgoIK3IG1cCAxMwdQlAQAGBgiYBCUhAAncTUEDuRuYACUhAAhKAgAIChdpmPAlIQAITEFBAJlhEpyABCUigBQEFpAV1Y0pAAq0IGPdAAgrIgTB1JQEJSOBMBBSQM622c5WABCRwIAEF5ECYZ3DlHCUgAQkEAQUkSFhKQAISkMBdBBSQu3DZWQISkEArAv3FVUD6Wx', NULL, 'Pepito Perez', '1023589666', '', 'Claro', 'Tecnico'),
(181, 92, 9, NULL, NULL, 'foto_9_92_20250917_113738_1.png', NULL, NULL, NULL, NULL, NULL, NULL),
(182, 92, 10, NULL, NULL, 'data:image/png;base64,iVBORw0KGgoAAAANSUhEUgAAAZAAAADICAYAAADGFbfiAAAQAElEQVR4Aeydy64sNxWGd7gnSBFC4j5BAgkmMEJixIC3YAZIvEfyIjwAb8GAEcxgAkICBoBACCEULgkEgr+ts5BTqe6uri5f60O1jt0ue63lzy7/p3pvTt735P8kIAEJSEACOwgoIDugOUQCEpCABJ6eFBB3gQRaETCuBAYnoIAMvoCmLwEJSKAVAQWkFXnjSkACEhicwMACMjh505eABCQwOAEFZPAFNH0JSEACrQgoIK3IG1cCAxMwdQlAQAGBgiYBCUhAAncTUEDuRuYACUhAAhKAgAIChdpmPAlIQAITEFBAJlhEpyABCUigBQEFpAV1Y0pAAq0IGPdAAgrIgTB1JQEJSOBMBBSQM622c5WABCRwIAEF5ECYZ3DlHCUgAQkEAQUkSFhKQAISkMBdBBSQu3DZWQISkEArAv3FVUD6Wx', NULL, 'Pepito Perez', '1023589666', '', 'Claro', 'Tecnico'),
(183, 93, 9, NULL, NULL, 'foto_9_93_20250917_113809_1.png', NULL, NULL, NULL, NULL, NULL, NULL),
(184, 93, 10, NULL, NULL, 'data:image/png;base64,iVBORw0KGgoAAAANSUhEUgAAAZAAAADICAYAAADGFbfiAAAQAElEQVR4AeydOY81RxWGh82rMLuEjYTABJYIEAFERiw/AckQQwASggTxA4CcgABICCCHgH/AZkhAInDixCwBMgFmMeAVA+cZf2dUc7lb39t9q6rr+dRnqrq6uuqcp7rrneqee7/XXvlPAhKQgAQkcAIBBeQEaJ4iAQlIQAJXVwqIV4EEahGwXwl0TkAB6XwAdV8CEpBALQIKSC3y9isBCUigcwIdC0jn5HVfAhKQQOcEFJDOB1D3JSABCdQioIDUIm+/EuiYgK5LAAIKCBQ0CUhAAhKYTEABmYzMEyQgAQlIAAIKCBQubfYnAQlIYAUEFJAVDKIhSEACEqhBQAGpQd0+JSCBWgTsd0YCCsiMMG1KAhKQwEgEFJCRRttYJSABCcxIQAGZEeYITRmjBCQggSSggCQJUwlIQAISmERAAZmEy8', NULL, 'Pepito Perez', '1023589666', '', 'Claro', 'Tecnico'),
(185, 94, 9, NULL, NULL, 'foto_9_94_20250917_114043_1.png', NULL, NULL, NULL, NULL, NULL, NULL),
(186, 94, 10, NULL, NULL, 'data:image/png;base64,iVBORw0KGgoAAAANSUhEUgAAAZAAAADICAYAAADGFbfiAAAQAElEQVR4AeydOY81RxWGh82rMLuEjYTABJYIEAFERiw/AckQQwASggTxA4CcgABICCCHgH/AZkhAInDixCwBMgFmMeAVA+cZf2dUc7lb39t9q6rr+dRnqrq6uuqcp7rrneqee7/XXvlPAhKQgAQkcAIBBeQEaJ4iAQlIQAJXVwqIV4EEahGwXwl0TkAB6XwAdV8CEpBALQIKSC3y9isBCUigcwIdC0jn5HVfAhKQQOcEFJDOB1D3JSABCdQioIDUIm+/EuiYgK5LAAIKCBQ0CUhAAhKYTEABmYzMEyQgAQlIAAIKCBQubfYnAQlIYAUEFJAVDKIhSEACEqhBQAGpQd0+JSCBWgTsd0YCCsiMMG1KAhKQwEgEFJCRRttYJSABCcxIQAGZEeYITRmjBCQggSSggCQJUwlIQAISmERAAZmEy8', NULL, 'Pepito Perez', '1023589666', '', 'Claro', 'Tecnico'),
(187, 95, 9, NULL, NULL, 'foto_9_95_20250917_114122_1.png', NULL, NULL, NULL, NULL, NULL, NULL),
(188, 95, 10, NULL, NULL, 'data:image/png;base64,iVBORw0KGgoAAAANSUhEUgAAAZAAAADICAYAAADGFbfiAAAQAElEQVR4Aeydu64tzVGAt20uBgwSAcKChIeADAnegJgInELCE3BJiAhIIMVERCDxBBCQQcAjGAkJAoQQ5uK73d/+Vx336TOz5rJmpi/zWVO7e7p7uqu+rupas/Y+vz//5v8kIAEJSEACOwiYQHZA8xEJSEACEnh7M4HoBRKoRcB1JdA5ARNI5xuo+hKQgARqETCB1CLvuhKQgAQ6J9BxAumcvOpLQAIS6JyACaTzDVR9CUhAArUImEBqkXddCXRMQNUlAAETCBQUCUhAAhLYTMAEshmZD0hAAhKQAARMIFC4WlxPAhKQwAAETCADbKImSEACEqhBwARSg7prSkACtQi47oEETCAHwnQqCUhAAnciYAK5025rqwQkIIEDCZhADoR5h6m0UQISkEAQMIEECUsJSEACEthEwASyCZeDJSABCd', NULL, 'Pepito Perez', '1023589666', '2165651', 'Claro', 'Tecnico'),
(189, 96, 9, NULL, NULL, 'foto_9_96_20250917_114417_1.png', NULL, NULL, NULL, NULL, NULL, NULL),
(190, 96, 10, NULL, NULL, 'data:image/png;base64,iVBORw0KGgoAAAANSUhEUgAAAZAAAADICAYAAADGFbfiAAAQAElEQVR4Aeydu64tzVGAt20uBgwSAcKChIeADAnegJgInELCE3BJiAhIIMVERCDxBBCQQcAjGAkJAoQQ5uK73d/+Vx336TOz5rJmpi/zWVO7e7p7uqu+rupas/Y+vz//5v8kIAEJSEACOwiYQHZA8xEJSEACEnh7M4HoBRKoRcB1JdA5ARNI5xuo+hKQgARqETCB1CLvuhKQgAQ6J9BxAumcvOpLQAIS6JyACaTzDVR9CUhAArUImEBqkXddCXRMQNUlAAETCBQUCUhAAhLYTMAEshmZD0hAAhKQAARMIFC4WlxPAhKQwAAETCADbKImSEACEqhBwARSg7prSkACtQi47oEETCAHwnQqCUhAAnciYAK5025rqwQkIIEDCZhADoR5h6m0UQISkEAQMIEECUsJSEACEthEwASyCZeDJSABCd', NULL, 'Pepito Perez', '1023589666', '2165651', 'Claro', 'Tecnico'),
(191, 97, 9, NULL, NULL, 'foto_9_97_20250917_114747_1.png', NULL, NULL, NULL, NULL, NULL, NULL),
(192, 97, 10, NULL, NULL, 'data:image/png;base64,iVBORw0KGgoAAAANSUhEUgAAAZAAAADICAYAAADGFbfiAAAQAElEQVR4Aeydu64tzVGAt20uBgwSAcKChIeADAnegJgInELCE3BJiAhIIMVERCDxBBCQQcAjGAkJAoQQ5uK73d/+Vx336TOz5rJmpi/zWVO7e7p7uqu+rupas/Y+vz//5v8kIAEJSEACOwiYQHZA8xEJSEACEnh7M4HoBRKoRcB1JdA5ARNI5xuo+hKQgARqETCB1CLvuhKQgAQ6J9BxAumcvOpLQAIS6JyACaTzDVR9CUhAArUImEBqkXddCXRMQNUlAAETCBQUCUhAAhLYTMAEshmZD0hAAhKQAARMIFC4WlxPAhKQwAAETCADbKImSEACEqhBwARSg7prSkACtQi47oEETCAHwnQqCUhAAnciYAK5025rqwQkIIEDCZhADoR5h6m0UQISkEAQMIEECUsJSEACEthEwASyCZeDJSABCd', NULL, 'Pepito Perez', '1023589666', '2165651', 'Claro', 'Tecnico'),
(193, 98, 9, NULL, NULL, 'foto_9_98_20250917_114827_1.png', NULL, NULL, NULL, NULL, NULL, NULL),
(194, 98, 10, NULL, NULL, 'data:image/png;base64,iVBORw0KGgoAAAANSUhEUgAAAZAAAADICAYAAADGFbfiAAAQAElEQVR4AeydS8w1yRjHzxh3cQvitnBNsGDFCgmJLWHHjoWdBXsJEns2Njbs2BHWQoIVKywGmWAzLiEZhMwVz+84z/f1e6bPpft0d1V1/yb1vFVdXZenflVd/6+63/m+Z+38TwISkIAEJDCCgAIyAppVJCABCUhgt1NAXAUSKEXAfiXQOAEFpPEJ1H0JSEACpQgoIKXI268EJCCBxgk0LCCNk9d9CUhAAo0TUEAan0Ddl4AEJFCKgAJSirz9SqBhArouAQgoIFDQJCABCUhgMAEFZDAyK0hAAhKQAAQUECgsbfYnAQlIYAUEFJAVTKJDkIAEJFCCgAJSgrp9SkACpQjY74QEFJAJYdqUBCQggS0RUEC2NNuOVQISkMCEBBSQCWFuoSnHKAEJSCAJKCBJwlgCEpCABAYRUEAG4bKwBCQggV', NULL, 'Pepito Perez', '1023589666', '', 'Claro', 'Tecnico'),
(195, 99, 9, NULL, NULL, 'foto_9_99_20250917_120305_1.png', NULL, NULL, NULL, NULL, NULL, NULL),
(196, 99, 10, NULL, NULL, 'data:image/png;base64,iVBORw0KGgoAAAANSUhEUgAAAZAAAADICAYAAADGFbfiAAAQAElEQVR4AeydOZItORWGC5rZwSPAwsBuPDxYAti4GKwATLDAhA2wAXxYAAaYWPQGwGlwcIhgCoZufRV1Xqiy7r05p6av456nHJTSOd+R9Jfy1nv9ySf/k4AEJCABCWwgoIBsgOYjEpCABCTw9KSAOAokUIqA/UqgcQIKSOMJ1H0JSEACpQgoIKXI268EJCCBxgk0LCCNk9d9CUhAAo0TUEAaT6DuS0ACEihFQAEpRd5+JdAwAV2XAAQUEChoEpCABCSwmoACshqZD0hAAhKQAAQUEChcbfYnAQlIoAMCCkgHSTQECUhAAiUIKCAlqNunBCRQioD9HkhAATkQpk1JQAISGImAAjJSto1VAhKQwIEEFJADYY7QlDFKQAISCAIKSJCwlIAEJCCBVQQUkFW4rCwBCUigFIH6+lVA6suJHklAAh', NULL, 'Pepito Perez', '1023589666', '', 'Claro', 'Tecnico'),
(197, 100, 9, NULL, NULL, 'foto_9_100_20250917_120936_1.png', NULL, NULL, NULL, NULL, NULL, NULL),
(198, 100, 10, NULL, NULL, 'data:image/png;base64,iVBORw0KGgoAAAANSUhEUgAAAZAAAADICAYAAADGFbfiAAAQAElEQVR4AeydOZItORWGC5rZwSPAwsBuPDxYAti4GKwATLDAhA2wAXxYAAaYWPQGwGlwcIhgCoZufRV1Xqiy7r05p6av456nHJTSOd+R9Jfy1nv9ySf/k4AEJCABCWwgoIBsgOYjEpCABCTw9KSAOAokUIqA/UqgcQIKSOMJ1H0JSEACpQgoIKXI268EJCCBxgk0LCCNk9d9CUhAAo0TUEAaT6DuS0ACEihFQAEpRd5+JdAwAV2XAAQUEChoEpCABCSwmoACshqZD0hAAhKQAAQUEChcbfYnAQlIoAMCCkgHSTQECUhAAiUIKCAlqNunBCRQioD9HkhAATkQpk1JQAISGImAAjJSto1VAhKQwIEEFJADYY7QlDFKQAISCAIKSJCwlIAEJCCBVQQUkFW4rCwBCUigFIH6+lVA6suJHklAAh', NULL, 'Pepito Perez', '1023589666', '', 'Claro', 'Tecnico'),
(199, 101, 9, NULL, NULL, 'foto_9_101_20250917_121150_1.png', NULL, NULL, NULL, NULL, NULL, NULL),
(200, 101, 10, NULL, NULL, 'data:image/png;base64,iVBORw0KGgoAAAANSUhEUgAAAZAAAADICAYAAADGFbfiAAAQAElEQVR4AeydOZItORWGC5rZwSPAwsBuPDxYAti4GKwATLDAhA2wAXxYAAaYWPQGwGlwcIhgCoZufRV1Xqiy7r05p6av456nHJTSOd+R9Jfy1nv9ySf/k4AEJCABCWwgoIBsgOYjEpCABCTw9KSAOAokUIqA/UqgcQIKSOMJ1H0JSEACpQgoIKXI268EJCCBxgk0LCCNk9d9CUhAAo0TUEAaT6DuS0ACEihFQAEpRd5+JdAwAV2XAAQUEChoEpCABCSwmoACshqZD0hAAhKQAAQUEChcbfYnAQlIoAMCCkgHSTQECUhAAiUIKCAlqNunBCRQioD9HkhAATkQpk1JQAISGImAAjJSto1VAhKQwIEEFJADYY7QlDFKQAISCAIKSJCwlIAEJCCBVQQUkFW4rCwBCUigFIH6+lVA6suJHklAAh', NULL, 'Pepito Perez', '1023589666', '', 'Claro', 'Tecnico'),
(201, 102, 9, NULL, NULL, 'foto_9_102_20250917_121222_1.png', NULL, NULL, NULL, NULL, NULL, NULL),
(202, 102, 10, NULL, NULL, 'data:image/png;base64,iVBORw0KGgoAAAANSUhEUgAAAZAAAADICAYAAADGFbfiAAAQAElEQVR4Aeydu6s+RxnHjxrvigraiIomoDZJZToFxVJL/wBBFOy8tHa2ETsLL7WFnbWgYGmqpIlCYkQEQdEIibck6vM5nvll3j37Xnbf3Z2ZnU+Y5zezt5lnPs/sfHd2zzl5/Y3/SUACEpCABGYQUEBmQPMSCUhAAhK4uVFAHAUSKEXAdiXQOAEFpPEA6r4EJCCBUgQUkFLkbVcCEpBA4wQaFpDGyeu+BCQggcYJKCCNB1D3JSABCZQioICUIm+7EmiYgK5LAAIKCBQ0CUhAAhKYTEABmYzMCyQgAQlIAAIKCBS2NtuTgAQksAMCCsgOgmgXJCABCZQgoICUoG6bEpBAKQK2uyABBWRBmFYlAQlIoCcCCkhP0bavEpCABBYkoIAsCLOHquyjBCQggURAAUkkzCUgAQlIYBIBBWQSLk+WgA', NULL, 'Pepito Perez', '1023589666', '', 'Claro', 'Tecnico'),
(203, 103, 9, NULL, NULL, 'foto_9_103_20250917_121800_1.png', NULL, NULL, NULL, NULL, NULL, NULL),
(204, 103, 10, NULL, NULL, 'data:image/png;base64,iVBORw0KGgoAAAANSUhEUgAAAZAAAADICAYAAADGFbfiAAAQAElEQVR4Aeydu6s+RxnHjxrvigraiIomoDZJZToFxVJL/wBBFOy8tHa2ETsLL7WFnbWgYGmqpIlCYkQEQdEIibck6vM5nvll3j37Xnbf3Z2ZnU+Y5zezt5lnPs/sfHd2zzl5/Y3/SUACEpCABGYQUEBmQPMSCUhAAhK4uVFAHAUSKEXAdiXQOAEFpPEA6r4EJCCBUgQUkFLkbVcCEpBA4wQaFpDGyeu+BCQggcYJKCCNB1D3JSABCZQioICUIm+7EmiYgK5LAAIKCBQ0CUhAAhKYTEABmYzMCyQgAQlIAAIKCBS2NtuTgAQksAMCCsgOgmgXJCABCZQgoICUoG6bEpBAKQK2uyABBWRBmFYlAQlIoCcCCkhP0bavEpCABBYkoIAsCLOHquyjBCQggURAAUkkzCUgAQlIYBIBBWQSLk+WgA', NULL, 'Pepito Perez', '1023589666', '', 'Claro', 'Tecnico'),
(205, 104, 9, NULL, NULL, 'foto_9_104_20250917_121824_1.png', NULL, NULL, NULL, NULL, NULL, NULL),
(206, 104, 10, NULL, NULL, 'data:image/png;base64,iVBORw0KGgoAAAANSUhEUgAAAZAAAADICAYAAADGFbfiAAAQAElEQVR4Aezdu6/sRh0H8BMSCE8hlIAAiYqCittRUlGnp6eCBgno+BegpeAfoIeWkhIa0lAAEgXvhwLiIeVF5ndy5miyd3fv2h7bM+NPZF97vfZ45jNefzPec899353/CBAgQIDADAEBMgPNIQQIECBwdydAXAUE9hJwXgKdCwiQzjtQ9QkQILCXgADZS955CRAg0LlAxwHSubzqEyBAoHMBAdJ5B6o+AQIE9hIQIHvJOy+BjgVUnUAICJBQMBMgQIDAZAEBMpnMAQQIECAQAgIkFLaenY8AAQIDCAiQATpREwgQILCHgADZQ905CRDYS8B5KwoIkIqYiiJAgMCRBATIkXpbWwkQIFBRQIBUxDxCUdpIgACBLCBAsoQlAQIECEwSECCTuOxMgACBvQTaO68Aaa9P1IgAAQJdCAiQLrpJJQ', NULL, 'Pepito Perez', '1023589666', '', 'Claro', 'Tecnico'),
(207, 105, 9, NULL, NULL, 'foto_9_105_20250917_123045_1.png', NULL, NULL, NULL, NULL, NULL, NULL),
(208, 105, 10, NULL, NULL, 'data:image/png;base64,iVBORw0KGgoAAAANSUhEUgAAAZAAAADICAYAAADGFbfiAAAQAElEQVR4AezdO6ssSQEH8OP6Wl+4YiBo4OpGfgdFNzEUBBMzNzAwEUFDYX0EJhoJCiviRkYrCH6AXWRzQzNXBRVBWPD91vrPPc32nTvnzPRM91RV90+6pnt6uuvxq5n63zlnvfexG/8jQIAAAQJnCAiQM9DcQoAAAQI3NwLEu4BALQHtEuhcQIB0PoG6T4AAgVoCAqSWvHYJECDQuUDHAdK5vO4TIECgcwEB0vkE6j4BAgRqCQiQWvLaJdCxgK4TiIAAiYJCgAABApMFBMhkMjcQIECAQAQESBSuXbRHgACBFQgIkBVMoiEQIECghoAAqaGuTQIEaglod0YBATIjpqoIECCwJQEBsqXZNlYCBAjMKCBAZsTcQlXGSIAAgUFAgAwS9gQIECAwSUCATOJyMQECBGoJtNeuAGlvTvSIAAECXQ', NULL, 'Pepito Perez', '1023589666', '6546541', 'Claro', 'Tecnico'),
(209, 106, 9, NULL, NULL, 'foto_9_106_20250917_143514_1.png', NULL, NULL, NULL, NULL, NULL, NULL),
(210, 106, 10, NULL, NULL, 'data:image/png;base64,iVBORw0KGgoAAAANSUhEUgAAAZAAAADICAYAAADGFbfiAAAQAElEQVR4Aezdua4kS14G8HMZtgGxGQgXhDB5AkACgT0SEgZ4IISBwIAnAJ4ADMBASOABwgCJERYIEDwB9mhmzDFGmkWz7/H1dFxl162qU0tmRkTG7yqjs5bMjH/8Iiu/U1Wnb3/Pi/8IECBAgMADAgLkATS7ECBAgMDLiwBxFhBoJaBfAoMLCJDBJ1D5BAgQaCUgQFrJ65cAAQKDCwwcIIPLK58AAQKDCwiQwSdQ+QQIEGglIEBayeuXwMACSicQAQESBY0AAQIE7hYQIHeT2YEAAQIEIiBAorB30x8BAgQOICBADjCJhkCAAIEWAgKkhbo+CRBoJaDfFQUEyIqYDkWAAIGZBATITLNtrAQIEFhRQICsiDnDoYyRAAECVUCAVAlrAgQIELhLQIDcxWVjAgQItBLor18B0t+cqIgAAQJDCA', NULL, 'Pepito Perez', '1023589666', '', 'Claro', 'Tecnico'),
(211, 107, 9, NULL, NULL, 'foto_9_107_20250917_143652_1.png', NULL, NULL, NULL, NULL, NULL, NULL),
(212, 107, 10, NULL, NULL, 'data:image/png;base64,iVBORw0KGgoAAAANSUhEUgAAAZAAAADICAYAAADGFbfiAAAQAElEQVR4Aeydza812RTGT9MIA29LN4mBCAZEwkwiRoKJASExYGgiYWxoZG6IgT+AmBCmLSIxNGKCxOfApBvdIb5b93rOvat73brn1K2PvWt//d7UvntX1a691vqtqv3cqjr3vK868Q8CEIAABCCwgQACsgEah0AAAhCAwOmEgHAWQKAUAexCoHECCEjjCcR9CEAAAqUIICClyGMXAhCAQOMEGhaQxsnjPgQgAIHGCSAgjScQ9yEAAQiUIoCAlCKPXQg0TADXISACCIgoUCAAAQhAYDUBBGQ1Mg6AAAQgAAERQEBE4eiCPQhAAAIdEEBAOkgiIUAAAhAoQQABKUEdmxCAQCkC2E1IAAFJCJOhIAABCIxEAAEZKdvECgEIQCAhAQQkIcwRhiJGCEAAAk4AAXES1BCAAAQgsIoAArIKF50hAA', NULL, 'Pepito Perez', '1023589666', '6546541', 'Claro', 'Tecnico'),
(213, 108, 9, NULL, NULL, 'foto_9_108_20250917_143857_1.png', NULL, NULL, NULL, NULL, NULL, NULL),
(214, 108, 10, NULL, NULL, 'data:image/png;base64,iVBORw0KGgoAAAANSUhEUgAAAZAAAADICAYAAADGFbfiAAAQAElEQVR4AeydOawsTXmGj/cVg+XEzvAW2pkjY8mWHTuyJTu0bDm2BSEIEIQgyAFBBgIyUhBIQEgCIWsEBEjs+/o9w/lQ/XNn6Znp7tqeq35PdVdXd3311PJO95x7768/+UcCEpCABCRwBwEN5A5oXiIBCUhAAk9PGoijQAK1CFivBDonoIF03oGGLwEJSKAWAQ2kFnnrlYAEJNA5gY4NpHPyhi8BCUigcwIaSOcdaPgSkIAEahHQQGqRt14JdEzA0CUAAQ0ECkoCEpCABG4moIHcjMwLJCABCUgAAhoIFPaW9UlAAhIYgIAGMkAn2gQJSEACNQhoIDWoW6cEJFCLgPWuSEADWRGmt5KABCQwEwENZKbetq0SkIAEViSggawIc4Zb2UYJSEACSUADSRKmEpCABCRwEwEN5CZcFpaABCRQi0', NULL, 'Pepito Perez', '1023589666', '', 'Claro', 'Tecnico'),
(215, 109, 9, NULL, NULL, 'foto_9_109_20250917_144928_1.png', NULL, NULL, NULL, NULL, NULL, NULL),
(216, 109, 10, NULL, NULL, 'data:image/png;base64,iVBORw0KGgoAAAANSUhEUgAAAZAAAADICAYAAADGFbfiAAAQAElEQVR4AeydOawsTXmGj/cVg+XEzvAW2pkjY8mWHTuyJTu0bDm2BSEIEIQgyAFBBgIyUhBIQEgCIWsEBEjs+/o9w/lQ/XNn6Znp7tqeq35PdVdXd3311PJO95x7768/+UcCEpCABCRwBwEN5A5oXiIBCUhAAk9PGoijQAK1CFivBDonoIF03oGGLwEJSKAWAQ2kFnnrlYAEJNA5gY4NpHPyhi8BCUigcwIaSOcdaPgSkIAEahHQQGqRt14JdEzA0CUAAQ0ECkoCEpCABG4moIHcjMwLJCABCUgAAhoIFPaW9UlAAhIYgIAGMkAn2gQJSEACNQhoIDWoW6cEJFCLgPWuSEADWRGmt5KABCQwEwENZKbetq0SkIAEViSggawIc4Zb2UYJSEACSUADSRKmEpCABCRwEwEN5CZcFpaABCRQi0', NULL, 'Pepito Perez', '1023589666', '', 'Claro', 'Tecnico'),
(217, 110, 9, NULL, NULL, 'foto_9_110_20250917_145536_1.png', NULL, NULL, NULL, NULL, NULL, NULL),
(218, 110, 10, NULL, NULL, 'data:image/png;base64,iVBORw0KGgoAAAANSUhEUgAAAZAAAADICAYAAADGFbfiAAAQAElEQVR4AeydOawsTXmGj/cVg+XEzvAW2pkjY8mWHTuyJTu0bDm2BSEIEIQgyAFBBgIyUhBIQEgCIWsEBEjs+/o9w/lQ/XNn6Znp7tqeq35PdVdXd3311PJO95x7768/+UcCEpCABCRwBwEN5A5oXiIBCUhAAk9PGoijQAK1CFivBDonoIF03oGGLwEJSKAWAQ2kFnnrlYAEJNA5gY4NpHPyhi8BCUigcwIaSOcdaPgSkIAEahHQQGqRt14JdEzA0CUAAQ0ECkoCEpCABG4moIHcjMwLJCABCUgAAhoIFPaW9UlAAhIYgIAGMkAn2gQJSEACNQhoIDWoW6cEJFCLgPWuSEADWRGmt5KABCQwEwENZKbetq0SkIAEViSggawIc4Zb2UYJSEACSUADSRKmEpCABCRwEwEN5CZcFpaABCRQi0', NULL, 'Pepito Perez', '1023589666', '', 'Claro', 'Tecnico'),
(219, 111, 9, NULL, NULL, 'foto_9_111_20250917_145604_1.png', NULL, NULL, NULL, NULL, NULL, NULL),
(220, 111, 10, NULL, NULL, 'data:image/png;base64,iVBORw0KGgoAAAANSUhEUgAAAZAAAADICAYAAADGFbfiAAAQAElEQVR4AeydSa813RTHr55EvJhoE32YkBhrwgeQkPgCokk0A8KQEUPCQJNoxgYGxFiC8AmYEG2IbqJLtK8X63eeu953P/Wce+9pqs7ufk9q3b2rTtXea/1W1frfqnPueR5/5T8JSEACEpDACQQUkBOgeYgEJCABCVxdKSCeBRKoRcB5JdA5AQWk8wTqvgQkIIFaBBSQWuSdVwISkEDnBDoWkM7J674EJCCBzgkoIJ0nUPclIAEJ1CKggNQi77wS6JiArksAAgoIFDQJSEACEjiagAJyNDIPkIAEJCABCCggULi0OZ8EJCCBAQgoIAMk0RAkIAEJ1CCggNSg7pwSkEAtAs67IgEFZEWYDiUBCUhgJgIKyEzZNlYJSEACKxJQQFaEOcNQxigBCUggCSggScJWAhKQgASOIqCAHIXLnSUgAQ', NULL, 'Pepito Perez', '1023589666', '', 'Claro', 'Tecnico'),
(221, 112, 9, NULL, NULL, 'foto_9_112_20250917_145727_1.png', NULL, NULL, NULL, NULL, NULL, NULL),
(222, 112, 10, NULL, NULL, 'data:image/png;base64,iVBORw0KGgoAAAANSUhEUgAAAZAAAADICAYAAADGFbfiAAAQAElEQVR4AeydSa813RTHr55EvJhoE32YkBhrwgeQkPgCokk0A8KQEUPCQJNoxgYGxFiC8AmYEG2IbqJLtK8X63eeu953P/Wce+9pqs7ufk9q3b2rTtXea/1W1frfqnPueR5/5T8JSEACEpDACQQUkBOgeYgEJCABCVxdKSCeBRKoRcB5JdA5AQWk8wTqvgQkIIFaBBSQWuSdVwISkEDnBDoWkM7J674EJCCBzgkoIJ0nUPclIAEJ1CKggNQi77wS6JiArksAAgoIFDQJSEACEjiagAJyNDIPkIAEJCABCCggULi0OZ8EJCCBAQgoIAMk0RAkIAEJ1CCggNSg7pwSkEAtAs67IgEFZEWYDiUBCUhgJgIKyEzZNlYJSEACKxJQQFaEOcNQxigBCUggCSggScJWAhKQgASOIqCAHIXLnSUgAQ', NULL, 'Pepito Perez', '1023589666', '', 'Claro', 'Tecnico'),
(223, 113, 9, NULL, NULL, 'foto_9_113_20250917_150122_1.png', NULL, NULL, NULL, NULL, NULL, NULL),
(224, 113, 10, NULL, NULL, 'data:image/png;base64,iVBORw0KGgoAAAANSUhEUgAAAZAAAADICAYAAADGFbfiAAAQAElEQVR4AeydzdIs2RSGSzda6/A3w4gwYMLMCBEEF2BgwCVwDYy4Bi6BCAM3QBCBmRETRowYGPgJuhvdWE/1Wad358mqyqzKzL135tOR69uZ+3ftZ2Wut7LOd04/d/I/CUhAAhKQwB0EFJA7oDlEAhKQgAROJwXEu0ACtQi4rgQ6J6CAdB5A3ZeABCRQi4ACUou860pAAhLonEDHAtI5ed2XgAQk0DkBBaTzAOq+BCQggVoEFJBa5F1XAh0T0HUJQEABgYImAQlIQAKzCSggs5E5QAISkIAEIKCAQGFrcz0JSEACOyCggOwgiG5BAhKQQA0CCkgN6q4pAQnUIuC6CxJQQBaE6VQSkIAEjkRAATlStN2rBCQggQUJKCALwjzCVO5RAhKQQBJQQJKEpQQkIAEJzCKggMzCZWcJSEACtQi0t6', NULL, 'Pepito Perez', '1023589666', '', 'Claro', 'Tecnico'),
(225, 114, 9, NULL, NULL, 'foto_9_114_20250917_150409_1.png', NULL, NULL, NULL, NULL, NULL, NULL),
(226, 114, 10, NULL, NULL, 'data:image/png;base64,iVBORw0KGgoAAAANSUhEUgAAAZAAAADICAYAAADGFbfiAAAQAElEQVR4Aeydy6s0RxmHj3cNeEM3EvCSCGYjuFBcGFDQra51Kaj/gFshEbf+BYprdatbRfCyUUFwZZREURFBCAaUxFyM7zN+70l9nZkz0zPdU1Vdj/Q71V1dl/d9qvr9pc+c8/naG/8nAQlIQAISOIOAAnIGNLtIQAISkMDNjQLiLpBALQLOK4HOCSggnS+g7ktAAhKoRUABqUXeeSUgAQl0TqBjAemcvO5LQAIS6JyAAtL5Auq+BCQggVoEFJBa5J1XAh0T0HUJQEABgYImAQlIQAKzCSggs5HZQQISkIAEIKCAQOHa5nwSkIAENkBAAdnAIhqCBCQggRoEFJAa1J1TAhKoRcB5FySggCwI06EkIAEJjERAARlptY1VAhKQwIIEFJAFYY4wlDFKQAISSAIKSJKwlIAEJCCBWQQUkFm4bC', NULL, 'Pepito Perez', '1023589666', '2165651', 'Claro', 'Tecnico'),
(227, 115, 9, NULL, NULL, 'foto_9_115_20250917_150915_1.png', NULL, NULL, NULL, NULL, NULL, NULL),
(228, 115, 10, NULL, NULL, 'data:image/png;base64,iVBORw0KGgoAAAANSUhEUgAAAZAAAADICAYAAADGFbfiAAAQAElEQVR4AeydS+g0y1mHJzExMZF4VESDoEYFdZHgxo0GVBR3ii4E3UUQQVeCugy6cKcu3CgIErOKC0FxHxSJIiIoycbghaNIUAkmUROTnNzeZ868/6++/np6umf6Vl3Pod6vqrtubz11+U3PzH/Oa0/+JwEJSEACEriDgAJyBzSrSEACEpDA6aSAuAoksBUB+5VA5QQUkMonUPclIAEJbEVAAdmKvP1KQAISqJxAxQJSOXndl4AEJFA5AQWk8gnUfQlIQAJbEVBAtiJvvxKomECjrv9mo+O+OmwF5CoaMyQgAQk8R+BH4uqLYYYLAQXkAsJIAhKQwEgCisgFlAJyAbFqZGcSkECNBP66cBoRaf4tLQWkWBEmJSABCQwQ+LlO3i/FddMiooDECjBIQALNEJh7oE2LiAIy93KyPQlIoAUCny', NULL, 'Pepito Perez', '1023589666', '6546541', 'Claro', 'Tecnico'),
(229, 116, 9, NULL, NULL, 'foto_9_116_20250917_151537_1.png', NULL, NULL, NULL, NULL, NULL, NULL),
(230, 116, 10, NULL, NULL, 'data:image/png;base64,iVBORw0KGgoAAAANSUhEUgAAAZAAAADICAYAAADGFbfiAAAQAElEQVR4AeydS6s9y1mH94nGC4qCF9QIegRFP4SOBGc6ykCHQSfOJA6cZOZUcObMsUIc6VTIQD+EgnCOglHBEJJA7rd69snvUKd2d69r36qe0O+u7q7qujz11vvrWmudfz728tH/fbtcfq+y75bzWw6e5xmsrueac57BbmnPshKQgAQksBOBVkB+uPTjO8UI+CV5eaf8yXk5vXjwPHViPBtLnUt1pSxlYggKhjBdbNwCEpCABCSwHQECfdtaRIAgnjzOCeS5vjVNnbQXoUBUMOqeqy9lf6gUoFyMvsRKlocETkjALkvg5AQI6HNDII8An3yCOUE714+miApGO9Qdo80IxVwbKUuasknpI+auZY6e9yUgAQk8gQDBe6kaAnwCOuXqgE2Q5t6zjTbpF0Z7sfQDoVhqM+XdtSxRMk8CEpDAgw', NULL, 'Pepito Perez', '1023589666', '6546541', 'Claro', 'Tecnico'),
(231, 117, 9, NULL, NULL, 'foto_9_117_20250917_151722_1.png', NULL, NULL, NULL, NULL, NULL, NULL),
(232, 117, 10, NULL, NULL, 'data:image/png;base64,iVBORw0KGgoAAAANSUhEUgAAAZAAAADICAYAAADGFbfiAAAQAElEQVR4Aeydua8kS1aHL9sgBILBYxObMzh44LFJ4OAgkMDAxABpAA9cPEzwWCT4E0CAhAloxOKBBc5gAIPE5g2LQGyznK+6T7942Zl5K6tyieV7ytORGRkZcc53IuJ3s+p2vy988T8JSEACEpDAAwQUkAeg+YgEJCABCby8KCDOAglcRcBxJdA4AQWk8QTqvgQkIIGrCCggV5F3XAlIQAKNE2hYQBonr/sSkIAEGieggDSeQN2XgAQkcBUBBeQq8o4rgYYJ6LoEIKCAQEGTgAQkIIHNBBSQzch8QAISkIAEIKCAQOFsczwJSEACHRBQQDpIoiFIQAISuIKAAnIFdceUgASuIuC4OxJQQHaEaVcSkIAERiKggIyUbWOVgAQksCMBBWRHmCN0ZYwSkIAEkoACkiQsJSABCUhgEwEFZBMuG0', NULL, 'Pepito Perez', '1023589666', '', 'Claro', 'Tecnico'),
(233, 118, 9, NULL, NULL, 'foto_9_118_20250917_152101_1.png', NULL, NULL, NULL, NULL, NULL, NULL),
(234, 118, 10, NULL, NULL, 'data:image/png;base64,iVBORw0KGgoAAAANSUhEUgAAAZAAAADICAYAAADGFbfiAAANvklEQVR4AezdyYo1SRkG4FLbCdSNuBDBARG9AF2rN+DepSuvw2tQ8BZcuHMtiLjTC1BBaUVERMEBG2eNr6jozs4/z5Anh5geyag8mZUZ8cUTp/L19N/V/zuf/I8AAQIECDwgIEAeQHMLAQIECDw9CRDvAgKlBIxLoHEBAdL4AiqfAAECpQQESCl54xIgQKBxgYYDpHF55RMgQKBxAQHS+AIqnwABAqUEBEgpeeMSaFhA6QRCQICEgkaAAAECqwUEyGoyNxAgQIBACAiQUDi7GY8AAQIdCAiQDhbRFAgQIFBCQICUUDcmAQKlBIy7o4AA2RFTVwQIEBhJQICMtNrmSoAAgR0FBMiOmCN0ZY4ECBDIAgIkS9gTIECAwCoBAbKKy8UECBAoJVDfuAKkvjVREQECBJoQECBNLJMiCRAgUJ+AAK', NULL, 'Pepito Perez', '1023589666', '', 'Claro', 'Tecnico'),
(235, 119, 9, NULL, NULL, 'foto_9_119_20250917_152449_1.png', NULL, NULL, NULL, NULL, NULL, NULL),
(236, 119, 10, NULL, NULL, 'data:image/png;base64,iVBORw0KGgoAAAANSUhEUgAAAZAAAADICAYAAADGFbfiAAAQAElEQVR4Aeydu648S3WH97GNwRZObMe25ch+B9uSEz+CJaeW5SdwbgJCXoCAnDdAIoWMGBEhATERSIg71Lc567Cmd8+lZ7q7bt/RrN3V1d1Va32rqn7T3fPX+ZM3/5OABCQgAQk8QUABeQKal0hAAhKQwNubAuIokEAtAvYrgc4JKCCdJ1D3JSABCdQioIDUIm+/EpCABDon0LGAdE5e9yUgAQl0TkAB6TyBui8BCUigFgEFpBZ5+5VAxwR0XQIQUECgoElAAhKQwGYCCshmZF4gAQlIQAIQUECgcLbZnwQkIIEBCCggAyTRECQgAQnUIKCA1KBunxKQQC0C9rsjAQVkR5g2JQEJSGAmAgrITNk2VglIQAI7ElBAdoQ5Q1PGKAEJSCAIKCBBwq0EJCABCWwioIBswuXJEpCABGoRaK9fBa', NULL, 'Pepito Perez', '1023589666', '', 'Claro', 'Tecnico'),
(237, 120, 9, NULL, NULL, 'foto_9_120_20250917_152727_1.png', NULL, NULL, NULL, NULL, NULL, NULL),
(238, 120, 10, NULL, NULL, 'data:image/png;base64,iVBORw0KGgoAAAANSUhEUgAAAZAAAADICAYAAADGFbfiAAAQAElEQVR4Aeydya40y1VG63KNjQ3YBoFk4AGACTNG9G8AEjwAEySaIVMESEyZ0QyYMAcJ3oB2yAAxAR4AbEu23MntvW72qnv2UZw8WXWqycro1q/cFZmRkRF7r2i+yqyq83/fwX8SkIAEJCCBGwgoIDdA8xIJSEACEjgcFBBHgQRqEbBdCXROQAHpvAN1XwISkEAtAgpILfK2KwEJSKBzAh0LSOfkdV8CEpBA5wQUkM47UPclIAEJ1CKggNQib7sS6JiArksAAgoIFDQJSEACEriagAJyNTIvkIAEJCABCCggUNjbbE8CEpDAAAQUkAE60RAkIAEJ1CCggNSgbpsSkEAtAra7IQEFZEOYViUBCUhgJgIKyEy9bawSkIAENiSggGwIc4aqjFECEpBAElBAkoSpBCQgAQlcRUABuQqXhSUgAQ', NULL, 'Pepito Perez', '1023589666', '', 'Claro', 'Tecnico'),
(239, 121, 9, NULL, NULL, 'foto_9_121_20250917_153639_1.png', NULL, NULL, NULL, NULL, NULL, NULL),
(240, 121, 10, NULL, NULL, NULL, NULL, NULL, NULL, NULL, NULL, NULL),
(241, 122, 9, NULL, NULL, 'foto_9_122_20250917_153840_1.png', NULL, NULL, NULL, NULL, NULL, NULL),
(242, 122, 10, NULL, NULL, 'data:image/png;base64,iVBORw0KGgoAAAANSUhEUgAAAZAAAADICAYAAADGFbfiAAAQAElEQVR4Aeydu5LtOBWGfQaomaG4FjwARQ6PQgwRGREZJETwAFBFQkRGAjkPwDtATPECVHErYAYYQH/3WbTa+CJ767IkfaeslmzL0lrfkvVv2bv7vLPwDwIQgAAEIHCDAAJyAxqXQAACEIDAsiAgjAIItCJAvxDonAAC0nkAMR8CEIBAKwIISCvy9AsBCECgcwIdC0jn5DEfAhCAQOcEEJDOA4j5EIAABFoRQEBakadfCHRMANMhIAIIiCiQIAABCEDgMgEE5DIyLoAABCAAARFAQEShdqI/CEAAAgMQQEAGCCIuQAACEGhBAAFpQZ0+IQCBVgToNyMBBCQjTJqCAAQgMBMBBGSmaOMrBCAAgYwEEJCMMGdoCh8hAAEIGAEExEiQQwACEIDAJQIIyCVcVIYABCDQioC/fhEQfzHBIghAAA', NULL, 'Pepito Perez', '1023589666', '', 'Claro', 'Tecnico'),
(243, 123, 9, NULL, NULL, 'foto_9_123_20250917_154140_1.png', NULL, NULL, NULL, NULL, NULL, NULL),
(244, 123, 10, NULL, NULL, 'data:image/png;base64,iVBORw0KGgoAAAANSUhEUgAAAZAAAADICAYAAADGFbfiAAAQAElEQVR4AeycS8stz1WHt8Y/MYmXgINEFKJmYAYaEXSkQvwCguAH0EHmOnMgqDhypONMdO5E8AMoqCMdSOLACEkUlEQQvOai0eh63rwrqdNn33rv6q5LP4dep6prV9da9VT3+r3V+z3nW0/+kYAEJCABCTxAQAF5AJqXSEACEpDA6aSAeBdIoBUB/UpgcAIKyOALaPgSkIAEWhFQQFqR168EJCCBwQkMLCCDkzd8CUhAAoMTUEDGWsCvRbiPWFzmIQEJSKAuAQWkLs+tRkM0/i8G/5YHjWvTGAv71xjLQwIPEfAiCUBAAYFCv0aiJ/EjHBkl5/daXlOWjIV9dzSW4+ALi2YPCUhAArcJKCC3GbXoQSInuZPo03+es2b3Gtdj/xaDYIwR1bMH/TD6pBHHLfv3GA2LwkMCEjgSARLRkebbx1', NULL, 'Pepito Perez', '1023589666', '', 'Claro', 'Tecnico'),
(245, 124, 9, NULL, NULL, 'foto_9_124_20250917_154241_1.png', NULL, NULL, NULL, NULL, NULL, NULL),
(246, 124, 10, NULL, NULL, 'data:image/png;base64,iVBORw0KGgoAAAANSUhEUgAAAZAAAADICAYAAADGFbfiAAAQAElEQVR4Aeydu87sSBVGmxluAgQBLwABIgEiyEgQpPAOvAm8Cc8AKUgkRBBBgMgQMQkgEJcZoNbRv8/U72O77e6y6+I16m+q2y5X7b3q8rXdZ868d/MfCUhAAhKQwAMENJAHoHmJBCQgAQncbhqIs0ACtQjYrwQ6J6CBdD6Ahi8BCUigFgENpBZ5+5WABCTQOYGODaRz8oYvAQlIoHMCGkjnA2j4EpCABGoR0EBqkbdfCXRMwNAlAAENBApKAhKQgAR2E9BAdiPzAglIQAISgIAGAoWzZX8SkIAEBiCggQwwiKYgAQlIoAYBDaQGdfuUgARqEbDfggQ0kIIwbUoCEpDAlQhoIFcabXOVgAQkUJCABlIQ5hWaMkcJSEACQUADCRKWEpCABCSwi4AGsguXlSUgAQnUItBevxpIe2NiRBKQgA', NULL, 'Pepito Perez', '1023589666', '', 'Claro', 'Tecnico'),
(247, 125, 9, NULL, NULL, 'foto_9_125_20250917_154402_1.png', NULL, NULL, NULL, NULL, NULL, NULL),
(248, 125, 10, NULL, NULL, 'data:image/png;base64,iVBORw0KGgoAAAANSUhEUgAAAZAAAADICAYAAADGFbfiAAAQAElEQVR4AeydS882yRjHe8yLmZHMEDPB2DglbFjaIBa+AAnBUojE2BCWrFgSFsICsSQi4QNYMRtbNkQcNsY4TJhJzMEcuP7P+1zvU0893Xff3V3VXYffm76eqj5U1VW/q7r+dx/u+33ZwD8IQAACEIDACgIIyApoFIEABCAAgWFAQBgFEDiKAO1CoHICCEjlAcR9CEAAAkcRQECOIk+7EIAABConULGAVE5+vfsvWNHnL+3flsb2a9sW2tds3c2yLBCAAATSEEBA0nDcq5Y/WEN3m926tAcsje2dti20L9i62/8sv8ResuNjc/FSukS8JGJWHQsEINAKAQSkrki+JXBXVyJjYhAcsjl7l9UQm4uX0iXiJREb83dqWyxcWpdouc2Jl67CJFpu1hWWVASoBwIigICIQn32XXP55WaKX2zxhH', NULL, 'Pepito Perez', '1023589666', '', 'Claro', 'Tecnico'),
(249, 126, 9, NULL, NULL, 'foto_9_126_20250917_154559_1.png', NULL, NULL, NULL, NULL, NULL, NULL),
(250, 126, 10, NULL, NULL, 'data:image/png;base64,iVBORw0KGgoAAAANSUhEUgAAAZAAAADICAYAAADGFbfiAAAQAElEQVR4Aeydy44sy1WGCwOyzR0kZiCBmDBiDDN4JMYMAIkH4I3smT33xDNbsiVPLN/v9rEdX59efaKzs7IqqzKu+Vm1dlwyMtaKLyLXX9m9ffbnLv5PAhKQgAQk8AABBeQBaN4iAQlIQAKXiwLiKZBAKwL6lcDgBBSQwTfQ8CUgAQm0IqCAtCKvXwlIQAKDExhYQAYnb/gSkIAEBieggAy+gYYvAQlIoBUBBaQVef1KYGAChi4BCCggUNAkIAEJSGA3AQVkNzJvkIAEJCABCCggUKht+pOABCQwAQEFZIJNdAkSkIAEWhBQQFpQ16cEJNCKgH4PJKCAHAjTqSQgAQmciYACcqbddq0SkIAEDiSggBwI8wxTuUYJSEACQUABCRKWEpCABCSwi4ACsguXgyUgAQm0ItCfXwWkvz0xIglIQA', NULL, 'Pepito Perez', '1023589666', '', 'Claro', 'Tecnico'),
(251, 127, 9, NULL, NULL, 'foto_9_127_20250917_155022_1.png', NULL, NULL, NULL, NULL, NULL, NULL),
(252, 127, 10, NULL, NULL, 'data:image/png;base64,iVBORw0KGgoAAAANSUhEUgAAAZAAAADICAYAAADGFbfiAAAQAElEQVR4Aeydzc7lRhGGDwmQQCQuIGwQsEXsEUgsuBE2XAFbBEhsWXABSCxYcguI3ytAQkJChFXYsyCEkED6+WYq0+M5P/Y5trur/USuz3a73VX1tLve4/NNZl47+Z8EJCABCUjgDgIKyB3QvEUCEpCABE4nBcSnQAKtCOhXAskJKCDJJ9DwJSABCbQioIC0Iq9fCUhAAskJJBaQ5OQNXwISkEByAgpI8gk0fAlIQAKtCCggrcjrVwKJCRi6BCCggEBBk4AEJCCBxQQUkMXIvEECEpCABCCggEBhb9OfBCQggQEIKCADTKIpSEACEmhBQAFpQV2fEpBAKwL6XZGAArIiTIeSgAQkcCQCCsiRZttcJSABCaxIQAFZEeYRhjJHCUhAAkFAAQkS7iUgAQlIYBEBBWQRLjtLQAISaEWgP78KSH', NULL, 'Pepito Perez', '1023589666', '6546541', 'Claro', 'Tecnico'),
(253, 128, 9, NULL, NULL, 'foto_9_128_20250917_155422_1.png', NULL, NULL, NULL, NULL, NULL, NULL),
(254, 128, 10, NULL, NULL, 'data:image/png;base64,iVBORw0KGgoAAAANSUhEUgAAAZAAAADICAYAAADGFbfiAAAQAElEQVR4AeydS678OBWHL2/BhIeEQDCAhSDEIlgAcyYwYwsMEBPmLIBFAGIhSEggkBAvCSQeTePvdp/GN51UJVVO/Ppada6dxLHP+Y7tX6Xq3v5/9MX/JCABCUhAAg8QUEAegOYtEpCABCTw8qKAOAskUIuA40qgcwIKSOcJ1H0JSEACtQgoILXIO64EJCCBzgl0LCCdk9d9CUhAAp0TUEA6T6DuS0ACEqhFQAGpRd5xJdAxAV2XAAQUEChoEpCABCRwmIACchiZN0hAAhKQAAQUEChcbY4nAQlIYAACCsgASTQECUhAAjUIKCA1qDumBCRQi4DjFiSggBSEaVcSkIAEZiKggMyUbWOVgAQkUJCAAlIQ5gxdGaMEJCCBIKCABAlLCUhAAhI4REABOYTLxhKQgARqEWhvXAWkvZzokQQkII', NULL, 'Pepito Perez', '1023589666', '6546541', 'Claro', 'Tecnico'),
(255, 129, 9, NULL, NULL, 'foto_9_129_20250917_155646_1.png', NULL, NULL, NULL, NULL, NULL, NULL),
(256, 129, 10, NULL, NULL, 'data:image/png;base64,iVBORw0KGgoAAAANSUhEUgAAAZAAAADICAYAAADGFbfiAAAQAElEQVR4AeydOa81S3WG9wWMB1keZCd2hG1ZdmJnzpBsyw5tREAAPwAkJAIQKQgQhEiQQAA/ACQCJEhBIBAZESQgMUWQgBgk5nE9R6yjus3ufXr36e4a+rnq9VV1dXfVWk+tqnf3/s537ksu/icBCUhAAhJYQUABWQHNRyQgAQlI4HJRQMwCCdQi4LgS6JyAAtL5BOq+BCQggVoEFJBa5B1XAhKQQOcEOhaQzsnrvgQkIIHOCSggnU+g7ktAAhKoRUABqUXecSXQMQFdlwAEFBAoaBKQgAQkcDcBBeRuZD4gAQlIQAIQUECgcLQ5ngQkIIEBCCggA0yiIUhAAhKoQUABqUHdMSUggVoEHHdDAgrIhjDtSgISkMCZCCggZ5ptY5WABCSwIQEFZEOYZ+jKGCUgAQkkAQUkSVhKQAISkMBdBB', NULL, 'Pepito Perez', '1023589666', '', 'Claro', 'Tecnico'),
(257, 130, 9, NULL, NULL, 'foto_9_130_20250917_160009_1.png', NULL, NULL, NULL, NULL, NULL, NULL),
(258, 130, 10, NULL, NULL, 'data:image/png;base64,iVBORw0KGgoAAAANSUhEUgAAAZAAAADICAYAAADGFbfiAAAQAElEQVR4AeydyXI8ORGHzTIMWwDBAxBw4wI37jw6D8AJblwIngAItmFgAH22c1CXq5eqVpW2b6LTtUnKzC8l/dxt+z9fffE/CUhAAhKQwA4CCsgOaHaRgAQkIIGXFwXEWSCBWgT0K4HOCSggnRfQ8CUgAQnUIqCA1CKvXwlIQAKdE+hYQDonb/gSkIAEOieggHReQMOXgAQkUIuAAlKLvH4l0DEBQ5cABBQQKGgSkIAEJLCZgAKyGZkdJCABCUgAAgoIFM42/UlAAhIYgIACMkARTUECEpBADQIKSA3q+pSABGoR0G9BAgpIQZgOJQEJSGAmAgrITNU2VwlIQAIFCSggBWHOMJQ5SkACEggCCkiQ8CgBCUhAApsIKCCbcNlYAhKQQC0C7flVQNqriRFJQAIS6IKAAtJFmU4L8g/J03+S/b', NULL, 'Pepito Perez', '1023589666', '', 'Claro', 'Tecnico'),
(259, 131, 9, NULL, NULL, 'foto_9_131_20250917_160138_1.png', NULL, NULL, NULL, NULL, NULL, NULL),
(260, 131, 10, NULL, NULL, 'data:image/png;base64,iVBORw0KGgoAAAANSUhEUgAAAZAAAADICAYAAADGFbfiAAAQAElEQVR4AeydOY81T3WHL9iAN2HjzLZkGdn+BHZm8PIB7MiWTIggAgKQSBEgkSIIQEgIJDKQIEIiZs34CCCWAETEFrBv9czMed+anu65t++t7qrqev7qM1W9VZ3znKr63Zrl/b/y5H8SkIAEJCCBKwgoIFdA8xUJSEACEjidFBBHgQRqEbBfCXROQAHpPIG6LwEJSKAWAQWkFnn7lYAEJNA5gY4FpHPyui8BCUigcwIKSOcJ1H0JSEACtQgoILXI268EOiag6xKAgAICBU0CEpCABFYTUEBWI/MFCUhAAhKAgAIChb3N/iQgAQkcgIACcoAkGoIEJCCBGgQUkBrU7VMCEqhFwH4LElBACsK0KQlIQAIjEVBARsq2sUpAAhIoSEABKQhzhKaMUQISkEAQUECChKUEJCABCawioICswnWIh1', NULL, 'Pepito Perez', '1023589666', '', 'Claro', 'Tecnico'),
(261, 132, 9, NULL, NULL, 'foto_9_132_20250917_160326_1.png', NULL, NULL, NULL, NULL, NULL, NULL),
(262, 132, 10, NULL, NULL, 'data:image/png;base64,iVBORw0KGgoAAAANSUhEUgAAAZAAAADICAYAAADGFbfiAAAQAElEQVR4AeydO4/1SBGGhwUWLSBYbgkRl4QEBBJkIEAQIyFBwA8AiQx+CUQEEJAiQYBECgJxiUACQQIBl4xk0S735U49Z7dG/fmzzzk+Y7u77WfVNbbb7a6qp+x+x2dm9nvizv8kIAEJSEACNxBQQG6A5iUSkIAEJHB3p4B4F0igFgH9SqBzAgpI5wU0fAlIQAK1CCggtcjrVwISkEDnBDoWkM7JG74EJCCBzgkoIJ0X0PAlIAEJ1CKggNQir18JdEzA0CUAAQUECpoEJCABCcwmoIDMRuYFEpCABCQAAQUEClub/iQgAQnsgIACsoMimoIEJCCBGgQUkBrU9SkBCdQioN8FCSggC8J0KglIQAJHIqCAHKna5ioBCUhgQQIKyIIwjzCVOUpAAhJIAgpIknArAQlIQAKzCCggs3A5WAISkE', NULL, 'Pepito Perez', '1023589666', '', 'Claro', 'Tecnico'),
(263, 133, 9, NULL, NULL, 'foto_9_133_20250917_161146_1.png', NULL, NULL, NULL, NULL, NULL, NULL),
(264, 133, 10, NULL, NULL, 'formularios\\firmas\\firma_10_133_20250917_161146.png', NULL, 'Pepito Perez', '1023589666', '', 'Claro', 'Tecnico'),
(265, 134, 9, NULL, NULL, 'foto_9_134_20250917_161551_1.png', NULL, NULL, NULL, NULL, NULL, NULL),
(266, 134, 10, NULL, NULL, 'formularios\\firmas\\firma_10_134_20250917_161551.png', NULL, 'Pepito Perez', '1023589666', '6546541', 'Claro', 'Tecnico'),
(267, 135, 9, NULL, NULL, 'foto_9_135_20250917_161847_1.png', NULL, NULL, NULL, NULL, NULL, NULL),
(268, 135, 10, NULL, NULL, 'formularios\\firmas\\firma_10_135_20250917_161847.png', NULL, 'Pepito Perez', '1023589666', '6546541', 'Claro', 'Tecnico'),
(269, 136, 9, NULL, NULL, 'foto_9_136_20250917_162249_1.jpg,foto_9_136_20250917_162249_2.jpg,foto_9_136_20250917_162249_3.jpg', NULL, NULL, NULL, NULL, NULL, NULL),
(270, 136, 10, NULL, NULL, 'formularios\\firmas\\firma_10_136_20250917_162249.png', NULL, 'Pepito', '14634', '36806', 'Gggkj', 'Guih'),
(271, 137, 9, NULL, NULL, 'foto_9_137_20250917_162429_1.png', NULL, NULL, NULL, NULL, NULL, NULL),
(272, 137, 10, NULL, NULL, 'formularios\\firmas\\firma_10_137_20250917_162429.png', NULL, 'Pepito Perez', '1023589666', '', 'Claro', 'Tecnico'),
(273, 138, 9, NULL, NULL, 'foto_9_138_20250917_162705_1.png', NULL, NULL, NULL, NULL, NULL, NULL),
(274, 138, 10, NULL, NULL, 'formularios\\firmas\\firma_10_138_20250917_162705.png', NULL, 'Pepito Perez', '1023589666', '', 'Claro', 'Tecnico'),
(275, 139, 9, NULL, NULL, 'foto_9_139_20250917_162946_1.png', NULL, NULL, NULL, NULL, NULL, NULL),
(276, 139, 10, NULL, NULL, 'formularios\\firmas\\firma_10_139_20250917_162946.png', NULL, 'Pepito Perez', '1023589666', '6546541', 'Claro', 'Tecnico'),
(277, 140, 9, NULL, NULL, 'foto_9_140_20250917_163306_1.png,foto_9_140_20250917_163306_2.png', NULL, NULL, NULL, NULL, NULL, NULL),
(278, 140, 10, NULL, NULL, 'formularios\\firmas\\firma_10_140_20250917_163306.png', NULL, 'Pepito Perez', '1023589666', '6546541', 'Claro', 'Tecnico'),
(279, 141, 11, 'Manizales', NULL, NULL, NULL, NULL, NULL, NULL, NULL, NULL),
(280, 141, 12, 'Zona Común', NULL, NULL, NULL, NULL, NULL, NULL, NULL, NULL),
(281, 141, 13, 'Claro', NULL, NULL, NULL, NULL, NULL, NULL, NULL, NULL),
(282, 141, 14, 'Actualización tecnologia, se realiza recorrido con proveedor por todas las zonas indicando cuartos tecnicos, rutas, bandejas y metodologia de trabajo. Se escala con seguridad para validar horarios de trabajo y permisos.', NULL, NULL, NULL, NULL, NULL, NULL, NULL, NULL),
(283, 141, 15, NULL, NULL, 'foto_15_141_20250917_165804_1.png,foto_15_141_20250917_165804_2.png', NULL, NULL, NULL, NULL, NULL, NULL),
(284, 141, 16, NULL, NULL, 'foto_16_141_20250917_165804_1.png,foto_16_141_20250917_165804_2.png,foto_16_141_20250917_165804_3.png,foto_16_141_20250917_165804_4.png', NULL, NULL, NULL, NULL, NULL, NULL),
(285, 141, 17, NULL, NULL, 'formularios\\firmas\\firma_17_141_20250917_165804.png', NULL, 'Pepito Perez', '123456789', '3000000000', 'Claro', 'Técnico'),
(286, 141, 18, NULL, NULL, 'formularios\\firmas\\firma_18_141_20250917_165804.png', NULL, 'Cristian Londoño', '1059814504', '', 'BACS', 'ING TI'),
(287, 142, 11, 'Cartagena', NULL, NULL, NULL, NULL, NULL, NULL, NULL, NULL),
(288, 142, 12, 'Zona Común', NULL, NULL, NULL, NULL, NULL, NULL, NULL, NULL),
(289, 142, 13, 'Claro', NULL, NULL, NULL, NULL, NULL, NULL, NULL, NULL),
(290, 142, 14, 'adas', NULL, NULL, NULL, NULL, NULL, NULL, NULL, NULL),
(291, 142, 15, NULL, NULL, 'foto_15_142_20250917_170324_1.png', NULL, NULL, NULL, NULL, NULL, NULL),
(292, 142, 16, NULL, NULL, 'foto_16_142_20250917_170324_1.png', NULL, NULL, NULL, NULL, NULL, NULL),
(293, 142, 17, NULL, NULL, 'formularios\\firmas\\firma_17_142_20250917_170324.png', NULL, 'Pepito Perez', '2321342', '3000000000', 'Claro', 'Técnico'),
(294, 142, 18, NULL, NULL, 'formularios\\firmas\\firma_18_142_20250917_170324.png', NULL, 'Cristian Londoño', '1059814504', '', 'BACS', 'ING TI'),
(295, 143, 11, 'Manizales', NULL, NULL, NULL, NULL, NULL, NULL, NULL, NULL),
(296, 143, 12, 'Zona Común', NULL, NULL, NULL, NULL, NULL, NULL, NULL, NULL),
(297, 143, 13, 'Claro', NULL, NULL, NULL, NULL, NULL, NULL, NULL, NULL),
(298, 143, 14, 'sdassdf', NULL, NULL, NULL, NULL, NULL, NULL, NULL, NULL),
(299, 143, 15, NULL, NULL, NULL, NULL, NULL, NULL, NULL, NULL, NULL),
(300, 143, 16, NULL, NULL, 'foto_16_143_20250917_170455_1.png', NULL, NULL, NULL, NULL, NULL, NULL),
(301, 143, 17, NULL, NULL, 'formularios\\firmas\\firma_17_143_20250917_170455.png', NULL, 'Pepito Perez', '2321342', '3000000000', 'Claro', 'Técnico'),
(302, 143, 18, NULL, NULL, 'formularios\\firmas\\firma_18_143_20250917_170455.png', NULL, 'Cristian Londoño', '1059814504', '', 'BACS', 'ING TI'),
(303, 144, 11, 'Manizales', NULL, NULL, NULL, NULL, NULL, NULL, NULL, NULL),
(304, 144, 12, 'Zona Común', NULL, NULL, NULL, NULL, NULL, NULL, NULL, NULL),
(305, 144, 13, 'Claro', NULL, NULL, NULL, NULL, NULL, NULL, NULL, NULL),
(306, 144, 14, 'asdasdf', NULL, NULL, NULL, NULL, NULL, NULL, NULL, NULL),
(307, 144, 15, NULL, NULL, 'foto_15_144_20250917_170620_1.png', NULL, NULL, NULL, NULL, NULL, NULL),
(308, 144, 16, NULL, NULL, 'foto_16_144_20250917_170620_1.png', NULL, NULL, NULL, NULL, NULL, NULL),
(309, 144, 17, NULL, NULL, 'formularios\\firmas\\firma_17_144_20250917_170620.png', NULL, 'Pepito Perez', '2321342', '3000000000', 'Claro', 'Técnico'),
(310, 144, 18, NULL, NULL, 'formularios\\firmas\\firma_18_144_20250917_170620.png', NULL, 'Cristian Londoño', 'asdsad', 'asdas', 'BACS', 'ING TI'),
(311, 145, 11, 'Cartagena', NULL, NULL, NULL, NULL, NULL, NULL, NULL, NULL),
(312, 145, 12, 'Zona Común', NULL, NULL, NULL, NULL, NULL, NULL, NULL, NULL),
(313, 145, 13, 'Claro', NULL, NULL, NULL, NULL, NULL, NULL, NULL, NULL),
(314, 145, 14, 'fsfsd', NULL, NULL, NULL, NULL, NULL, NULL, NULL, NULL),
(315, 145, 15, NULL, NULL, 'foto_15_145_20250917_170925_1.png', NULL, NULL, NULL, NULL, NULL, NULL),
(316, 145, 16, NULL, NULL, 'foto_16_145_20250917_170925_1.png', NULL, NULL, NULL, NULL, NULL, NULL),
(317, 145, 17, NULL, NULL, 'formularios\\firmas\\firma_17_145_20250917_170925.png', NULL, 'Pepito Perez', '2321342', '', 'Claro', 'Técnico'),
(318, 145, 18, NULL, NULL, 'formularios\\firmas\\firma_18_145_20250917_170925.png', NULL, 'Cristian Londoño', '1059814504', 'asdas', 'BACS', 'ING TI'),
(319, 146, 11, 'Cartagena', NULL, NULL, NULL, NULL, NULL, NULL, NULL, NULL),
(320, 146, 12, 'Zona Común', NULL, NULL, NULL, NULL, NULL, NULL, NULL, NULL),
(321, 146, 13, 'Claro', NULL, NULL, NULL, NULL, NULL, NULL, NULL, NULL),
(322, 146, 14, 'sdasd', NULL, NULL, NULL, NULL, NULL, NULL, NULL, NULL),
(323, 146, 15, NULL, NULL, NULL, NULL, NULL, NULL, NULL, NULL, NULL),
(324, 146, 16, NULL, NULL, 'foto_16_146_20250917_171255_1.png', NULL, NULL, NULL, NULL, NULL, NULL),
(325, 146, 17, NULL, NULL, 'formularios\\firmas\\firma_17_146_20250917_171255.png', NULL, 'Pepito Perez', '2321342', '', 'Claro', 'Técnico'),
(326, 146, 18, NULL, NULL, 'formularios\\firmas\\firma_18_146_20250917_171255.png', NULL, 'Cristian Londoño', '1059814504', '', 'BACS', 'ING TI'),
(327, 147, 11, 'Manizales', NULL, NULL, NULL, NULL, NULL, NULL, NULL, NULL),
(328, 147, 12, 'Venecia', NULL, NULL, NULL, NULL, NULL, NULL, NULL, NULL),
(329, 147, 13, 'Media Comerce', NULL, NULL, NULL, NULL, NULL, NULL, NULL, NULL),
(330, 147, 14, 'Se realiza recorrido para instalación de proveedor de internet en local Venecia, se explican protocolos, normativa y proceso a seguir asi como las respectivas rutas por piso 1 para posterior paso de placa hacia piso 2.', NULL, NULL, NULL, NULL, NULL, NULL, NULL, NULL),
(331, 147, 15, NULL, NULL, 'foto_15_147_20250917_171947_1.png', NULL, NULL, NULL, NULL, NULL, NULL),
(332, 147, 16, NULL, NULL, 'foto_16_147_20250917_171947_1.png,foto_16_147_20250917_171947_2.png,foto_16_147_20250917_171947_3.png,foto_16_147_20250917_171947_4.png', NULL, NULL, NULL, NULL, NULL, NULL),
(333, 147, 17, NULL, NULL, 'formularios\\firmas\\firma_17_147_20250917_171947.png', NULL, 'Pepito Perez', '2321342', '3007802560', 'Media Comerce', 'Técnico Instalaciones'),
(334, 147, 18, NULL, NULL, 'formularios\\firmas\\firma_18_147_20250917_171947.png', NULL, 'Cristian Londoño', '1059814504', '', 'BACS', 'ING TI'),
(335, 148, 11, 'Manizales', NULL, NULL, NULL, NULL, NULL, NULL, NULL, NULL),
(336, 148, 12, 'Zona Común', NULL, NULL, NULL, NULL, NULL, NULL, NULL, NULL),
(337, 148, 13, 'Claro', NULL, NULL, NULL, NULL, NULL, NULL, NULL, NULL),
(338, 148, 14, 'fsdfsdf', NULL, NULL, NULL, NULL, NULL, NULL, NULL, NULL),
(339, 148, 15, NULL, NULL, 'foto_15_148_20250917_173216_1.png', NULL, NULL, NULL, NULL, NULL, NULL),
(340, 148, 16, NULL, NULL, 'foto_16_148_20250917_173216_1.png', NULL, NULL, NULL, NULL, NULL, NULL),
(341, 148, 17, NULL, NULL, 'formularios\\firmas\\firma_17_148_20250917_173216.png', NULL, 'Pepito Perez', '2321342', '', 'Claro', 'Técnico'),
(342, 148, 18, NULL, NULL, 'formularios\\firmas\\firma_18_148_20250917_173216.png', NULL, 'Cristian Londoño', '1059814504', 'asdas', 'BACS', 'ING TI'),
(343, 149, 11, 'Manizales', NULL, NULL, NULL, NULL, NULL, NULL, NULL, NULL),
(344, 149, 12, 'local', NULL, NULL, NULL, NULL, NULL, NULL, NULL, NULL),
(345, 149, 13, 'claro', NULL, NULL, NULL, NULL, NULL, NULL, NULL, NULL),
(346, 149, 14, 'instalacion servicio internet ', NULL, NULL, NULL, NULL, NULL, NULL, NULL, NULL),
(347, 149, 15, NULL, NULL, 'foto_15_149_20250917_173507_1.jpg', NULL, NULL, NULL, NULL, NULL, NULL),
(348, 149, 16, NULL, NULL, 'foto_16_149_20250917_173507_1.jpg', NULL, NULL, NULL, NULL, NULL, NULL),
(349, 149, 17, NULL, NULL, 'formularios\\firmas\\firma_17_149_20250917_173507.png', NULL, 'marco aurelio', '10101010100', '101010100', 'sicte', 'tecnico instalador '),
(350, 149, 18, NULL, NULL, 'formularios\\firmas\\firma_18_149_20250917_173507.png', NULL, 'juan camilo roa arango', '1192817324', '31000000', 'bacs', 'técnico ti '),
(351, 150, 11, 'Cartagena', NULL, NULL, NULL, NULL, NULL, NULL, NULL, NULL),
(352, 150, 12, 'Zona Común', NULL, NULL, NULL, NULL, NULL, NULL, NULL, NULL),
(353, 150, 13, 'Claro', NULL, NULL, NULL, NULL, NULL, NULL, NULL, NULL),
(354, 150, 14, 'ddfdsf', NULL, NULL, NULL, NULL, NULL, NULL, NULL, NULL),
(355, 150, 15, NULL, NULL, 'foto_15_150_20250917_174423_1.png', NULL, NULL, NULL, NULL, NULL, NULL);
INSERT INTO `respuesta_campo` (`id`, `respuesta_formulario_id`, `campo_id`, `valor_texto`, `valor_fecha`, `valor_archivo`, `valor_json`, `nombre_firmante`, `documento_firmante`, `telefono_firmante`, `empresa_firmante`, `cargo_firmante`) VALUES
(356, 150, 16, NULL, NULL, 'foto_16_150_20250917_174423_1.png', NULL, NULL, NULL, NULL, NULL, NULL),
(357, 150, 17, NULL, NULL, 'formularios\\firmas\\firma_17_150_20250917_174423.png', NULL, 'Pepito Perez', '2321342', '3000000000', 'Claro', 'Técnico'),
(358, 150, 18, NULL, NULL, 'formularios\\firmas\\firma_18_150_20250917_174423.png', NULL, 'Cristian Londoño', '1059814504', '', 'BACS', 'ING TI'),
(359, 151, 11, 'Manizales', NULL, NULL, NULL, NULL, NULL, NULL, NULL, NULL),
(360, 151, 12, 'Zona Común', NULL, NULL, NULL, NULL, NULL, NULL, NULL, NULL),
(361, 151, 13, 'Claro', NULL, NULL, NULL, NULL, NULL, NULL, NULL, NULL),
(362, 151, 14, 'sdfsdf', NULL, NULL, NULL, NULL, NULL, NULL, NULL, NULL),
(363, 151, 15, NULL, NULL, 'foto_15_151_20250917_174711_1.png', NULL, NULL, NULL, NULL, NULL, NULL),
(364, 151, 16, NULL, NULL, 'foto_16_151_20250917_174711_1.png', NULL, NULL, NULL, NULL, NULL, NULL),
(365, 151, 17, NULL, NULL, 'formularios\\firmas\\firma_17_151_20250917_174711.png', NULL, 'Pepito Perez', '2321342', '3000000000', 'Claro', 'Técnico'),
(366, 151, 18, NULL, NULL, 'formularios\\firmas\\firma_18_151_20250917_174711.png', NULL, 'Cristian Londoño', '1059814504', '', 'BACS', 'ING TI'),
(367, 152, 11, 'NQS', NULL, NULL, NULL, NULL, NULL, NULL, NULL, NULL),
(368, 152, 12, 'Dollar city', NULL, NULL, NULL, NULL, NULL, NULL, NULL, NULL),
(369, 152, 13, 'Claro', NULL, NULL, NULL, NULL, NULL, NULL, NULL, NULL),
(370, 152, 14, 'Se realiza recorrido de viabilidad con proveedor claro para suministro de internet local Dollar city, se explican rutas, normativa, permisos, horarios y accesos a conformidad del técnico.', NULL, NULL, NULL, NULL, NULL, NULL, NULL, NULL),
(371, 152, 15, NULL, NULL, 'foto_15_152_20250917_181702_1.jpg', NULL, NULL, NULL, NULL, NULL, NULL),
(372, 152, 16, NULL, NULL, 'foto_16_152_20250917_181702_1.jpg,foto_16_152_20250917_181702_2.jpg', NULL, NULL, NULL, NULL, NULL, NULL),
(373, 152, 17, NULL, NULL, 'formularios\\firmas\\firma_17_152_20250917_181703.png', NULL, 'Pepito Pérez ', '123456', '30085946666', 'Claro', 'Tecnico'),
(374, 152, 18, NULL, NULL, 'formularios\\firmas\\firma_18_152_20250917_181703.png', NULL, 'Andrés Yate', '16267384', '30559949', 'BACS', 'Técnico TI'),
(375, 155, 11, 'NQS', NULL, NULL, NULL, NULL, NULL, NULL, NULL, NULL),
(376, 155, 12, 'Zona Comun', NULL, NULL, NULL, NULL, NULL, NULL, NULL, NULL),
(377, 155, 13, 'Claro', NULL, NULL, NULL, NULL, NULL, NULL, NULL, NULL),
(378, 155, 14, 'Acompañamiento para contingencia en oficinas de concentrix falla en canal principal, se realiza acompañamiento en cuarto de proveedores piso MZ donde se tiene la caja de empalme verifica el personal encontrando el cable atenuado, proceden a liberar reserva de fibra y organizar cableado', NULL, NULL, NULL, NULL, NULL, NULL, NULL, NULL),
(379, 155, 15, NULL, NULL, 'foto_15_155_20250926_155833_1.png,foto_15_155_20250926_155833_2.png,foto_15_155_20250926_155833_3.png,foto_15_155_20250926_155833_4.png,foto_15_155_20250926_155833_5.png,foto_15_155_20250926_155833_6.png,foto_15_155_20250926_155833_7.png,foto_15_155_20250926_155833_8.png,foto_15_155_20250926_155833_9.png,foto_15_155_20250926_155833_10.png,foto_15_155_20250926_155833_11.png', NULL, NULL, NULL, NULL, NULL, NULL),
(380, 155, 16, NULL, NULL, 'foto_16_155_20250926_155833_1.png,foto_16_155_20250926_155833_2.png,foto_16_155_20250926_155833_3.png,foto_16_155_20250926_155833_4.png,foto_16_155_20250926_155833_5.png,foto_16_155_20250926_155833_6.png,foto_16_155_20250926_155833_7.png,foto_16_155_20250926_155833_8.png,foto_16_155_20250926_155833_9.png,foto_16_155_20250926_155833_10.png,foto_16_155_20250926_155833_11.png,foto_16_155_20250926_155833_12.png,foto_16_155_20250926_155833_13.png,foto_16_155_20250926_155833_14.png,foto_16_155_2025092', NULL, NULL, NULL, NULL, NULL, NULL),
(381, 155, 17, NULL, NULL, 'formularios\\firmas\\firma_17_155_20250926_155833.png', NULL, 'sdfsdfsdfsd', '25425541265', '', 'Claro', 'Tecnico'),
(382, 155, 18, NULL, NULL, 'formularios\\firmas\\firma_18_155_20250926_155833.png', NULL, 'Andres', '98459855', '', 'bacs', 'tecnico'),
(383, 156, 11, 'NQS', NULL, NULL, NULL, NULL, NULL, NULL, NULL, NULL),
(384, 156, 12, 'Zona Comun', NULL, NULL, NULL, NULL, NULL, NULL, NULL, NULL),
(385, 156, 13, 'Claro', NULL, NULL, NULL, NULL, NULL, NULL, NULL, NULL),
(386, 156, 14, 'Acompañamiento para contingencia en oficinas de concentrix falla en canal principal, se realiza acompañamiento en cuarto de proveedores piso MZ donde se tiene la caja de empalme verifica el personal encontrando el cable atenuado, proceden a liberar reserva de fibra y organizar cableado', NULL, NULL, NULL, NULL, NULL, NULL, NULL, NULL),
(387, 156, 15, NULL, NULL, 'foto_15_156_20250926_160057_1.png', NULL, NULL, NULL, NULL, NULL, NULL),
(388, 156, 16, NULL, NULL, 'foto_16_156_20250926_160057_1.png', NULL, NULL, NULL, NULL, NULL, NULL),
(389, 156, 17, NULL, NULL, 'formularios\\firmas\\firma_17_156_20250926_160057.png', NULL, 'sdfsdfsdfsd', '25425541265', '', 'Claro', 'Tecnico'),
(390, 156, 18, NULL, NULL, 'formularios\\firmas\\firma_18_156_20250926_160057.png', NULL, 'Andres', '98459855', '', 'bacs', 'tecnico'),
(391, 158, 11, 'NQS', NULL, NULL, NULL, NULL, NULL, NULL, NULL, NULL),
(392, 158, 12, 'Concentrix', NULL, NULL, NULL, NULL, NULL, NULL, NULL, NULL),
(393, 158, 13, 'Ufinet', NULL, NULL, NULL, NULL, NULL, NULL, NULL, NULL),
(394, 158, 14, 'Acompañamiento para contingencia en oficinas de concentrix falla en canal principal, se realiza acompañamiento en cuarto de proveedores piso MZ donde se tiene la caja de empalme verifica el personal encontrando el cable atenuado, proceden a liberar reserva de fibra y organizar cableado', NULL, NULL, NULL, NULL, NULL, NULL, NULL, NULL),
(395, 158, 15, NULL, NULL, 'foto_15_158_20250926_161621_1.jpg', NULL, NULL, NULL, NULL, NULL, NULL),
(396, 158, 16, NULL, NULL, 'foto_16_158_20250926_161621_1.jpg', NULL, NULL, NULL, NULL, NULL, NULL),
(397, 158, 17, NULL, NULL, 'formularios\\firmas\\firma_17_158_20250926_161621.png', NULL, 'Bayron Said Cañón  Chaco ', '1026293507', '3207362088', 'Ufinet ', 'Supervisor de mantenimiento '),
(398, 158, 18, NULL, NULL, 'formularios\\firmas\\firma_18_158_20250926_161621.png', NULL, 'Andres Alexis Yate Lozano ', '1032442219', '3103139300', 'BACS', 'Técnico mantenimiento IT'),
(399, 160, 11, 'NQS', NULL, NULL, NULL, NULL, NULL, NULL, NULL, NULL),
(400, 160, 12, 'Macdonald ', NULL, NULL, NULL, NULL, NULL, NULL, NULL, NULL),
(401, 160, 13, 'Claro', NULL, NULL, NULL, NULL, NULL, NULL, NULL, NULL),
(402, 160, 14, 'Se realiza recorrido de viabilidad para instalación de fibra óptica nuevo servicio del local Macdonald, se le indica al personal de claro el recorrido a la caja de empalme más cercana frente a Cinépolis. Se le indica al personal horarios de trabajo elementos que debe traer para la actividad y permisos a solicitar.', NULL, NULL, NULL, NULL, NULL, NULL, NULL, NULL),
(403, 160, 15, NULL, NULL, 'foto_15_160_20250930_090902_1.jpg', NULL, NULL, NULL, NULL, NULL, NULL),
(404, 160, 16, NULL, NULL, 'foto_16_160_20250930_090902_1.jpg', NULL, NULL, NULL, NULL, NULL, NULL),
(405, 160, 17, NULL, NULL, 'formularios\\firmas\\firma_17_160_20250930_090902.png', NULL, 'Jairo Pinilla', '79059451', '3138564707', 'Claro ', 'Proyectista'),
(406, 160, 18, NULL, NULL, 'formularios\\firmas\\firma_18_160_20250930_090902.png', NULL, 'Andres Alexis Yate Lozano ', '1032442219', '3103139300', 'BACS', 'Técnico mantenimiento IT'),
(407, 161, 11, 'NQS', NULL, NULL, NULL, NULL, NULL, NULL, NULL, NULL),
(408, 161, 12, 'T4', NULL, NULL, NULL, NULL, NULL, NULL, NULL, NULL),
(409, 161, 13, 'Tigo', NULL, NULL, NULL, NULL, NULL, NULL, NULL, NULL),
(410, 161, 14, 'Personal de Tigo revisa cableado en cuarto de proveedores cambiando conectores de fibra, aún persiste el fallo por lo que deben realizar el cambio de fibra, se le indica al personal los permisos y horarios para la actividad de cambio de fibra.', NULL, NULL, NULL, NULL, NULL, NULL, NULL, NULL),
(411, 161, 15, NULL, NULL, 'foto_15_161_20250930_120725_1.jpg,foto_15_161_20250930_120725_2.jpg', NULL, NULL, NULL, NULL, NULL, NULL),
(412, 161, 16, NULL, NULL, 'foto_16_161_20250930_120725_1.jpg', NULL, NULL, NULL, NULL, NULL, NULL),
(413, 161, 17, NULL, NULL, 'formularios\\firmas\\firma_17_161_20250930_120725.png', NULL, 'Yhon Jairo Monterroza Macea', '1066182525', '3142252611', 'Tigo', 'Técnico '),
(414, 161, 18, NULL, NULL, 'formularios\\firmas\\firma_18_161_20250930_120725.png', NULL, 'Andres Alexis Yate Lozano ', '1032442219', '3103139300', 'BACS', 'Técnico mantenimiento IT'),
(415, 162, 11, 'Manizales', NULL, NULL, NULL, NULL, NULL, NULL, NULL, NULL),
(416, 162, 12, 'Deliriumm bakery', NULL, NULL, NULL, NULL, NULL, NULL, NULL, NULL),
(417, 162, 13, 'sicte (Claro)', NULL, NULL, NULL, NULL, NULL, NULL, NULL, NULL),
(418, 162, 14, 'la instalación saldrá de piso 1 siguiendo las bandejas hasta el punto cero del local, ahí saldrá y pasara por varios gabinetes dentro del local para llegar hasta el punto final que será la caja, la conexión quedara debajo de la caja registradora evitando que sea visible por parte de los usuarios del centro comercial ', NULL, NULL, NULL, NULL, NULL, NULL, NULL, NULL),
(419, 162, 15, NULL, NULL, 'foto_15_162_20250930_155454_1.jpg', NULL, NULL, NULL, NULL, NULL, NULL),
(420, 162, 16, NULL, NULL, 'foto_16_162_20250930_155454_1.jpg,foto_16_162_20250930_155454_2.jpg', NULL, NULL, NULL, NULL, NULL, NULL),
(421, 162, 17, NULL, NULL, 'formularios\\firmas\\firma_17_162_20250930_155454.png', NULL, 'Sergio rios', '1053848532', '', 'Sicte', 'supervisor '),
(422, 162, 18, NULL, NULL, 'formularios\\firmas\\firma_18_162_20250930_155454.png', NULL, 'Juan camilo roa arango', '1192817324', '3112328411', 'Bacs', 'tecnico ti '),
(423, 163, 11, 'NQS', NULL, NULL, NULL, NULL, NULL, NULL, NULL, NULL),
(424, 163, 12, 'Antenas piso 6', NULL, NULL, NULL, NULL, NULL, NULL, NULL, NULL),
(425, 163, 13, 'Claro', NULL, NULL, NULL, NULL, NULL, NULL, NULL, NULL),
(426, 163, 14, 'Acompañamiento personal de claro en antenas piso 6, revisión de antenas 5G por afectación en la trasmisión, el personal de claro válida los equipo y verifican la conexión remota que se encontraba fuera de línea, se restablece conexión y validan señal de antenas quedado nuevamente operativa.', NULL, NULL, NULL, NULL, NULL, NULL, NULL, NULL),
(427, 163, 15, NULL, NULL, 'foto_15_163_20251001_155446_1.jpg,foto_15_163_20251001_155446_2.jpg', NULL, NULL, NULL, NULL, NULL, NULL),
(428, 163, 16, NULL, NULL, 'foto_16_163_20251001_155446_1.jpg', NULL, NULL, NULL, NULL, NULL, NULL),
(429, 163, 17, NULL, NULL, 'formularios\\firmas\\firma_17_163_20251001_155446.png', NULL, 'Javier Castillo Ibague', '80193312', '3226423736', 'Claro ', 'Técnico '),
(430, 163, 18, NULL, NULL, 'formularios\\firmas\\firma_18_163_20251001_155446.png', NULL, 'Andres Alexis Yate Lozano ', '1032442219', '3103139300', 'BACS', 'Técnico mantenimiento IT'),
(431, 164, 11, 'NQS', NULL, NULL, NULL, NULL, NULL, NULL, NULL, NULL),
(432, 164, 12, 'Antenas piso 6', NULL, NULL, NULL, NULL, NULL, NULL, NULL, NULL),
(433, 164, 13, 'Claro', NULL, NULL, NULL, NULL, NULL, NULL, NULL, NULL),
(434, 164, 14, 'Acompañamiento personal de claro en antenas piso 6, revisión de antenas 5G por afectación en la trasmisión, el personal de claro válida los equipo y verifican la conexión remota que se encontraba fuera de línea, se restablece conexión y validan señal de antenas quedado nuevamente operativa.', NULL, NULL, NULL, NULL, NULL, NULL, NULL, NULL),
(435, 164, 15, NULL, NULL, 'foto_15_164_20251001_155518_1.jpg,foto_15_164_20251001_155518_2.jpg', NULL, NULL, NULL, NULL, NULL, NULL),
(436, 164, 16, NULL, NULL, 'foto_16_164_20251001_155518_1.jpg', NULL, NULL, NULL, NULL, NULL, NULL),
(437, 164, 17, NULL, NULL, 'formularios\\firmas\\firma_17_164_20251001_155518.png', NULL, 'Javier Castillo Ibague', '80193312', '3226423736', 'Claro ', 'Técnico '),
(438, 164, 18, NULL, NULL, 'formularios\\firmas\\firma_18_164_20251001_155518.png', NULL, 'Andres Alexis Yate Lozano ', '1032442219', '3103139300', 'BACS', 'Técnico mantenimiento IT'),
(439, 165, 11, 'Manizales', NULL, NULL, NULL, NULL, NULL, NULL, NULL, NULL),
(440, 165, 12, 'Venecia ', NULL, NULL, NULL, NULL, NULL, NULL, NULL, NULL),
(441, 165, 13, 'sicte (Claro)', NULL, NULL, NULL, NULL, NULL, NULL, NULL, NULL),
(442, 165, 14, 'Se realiza un recorrido acompañado por proveedor de Claro verificando la instalación, se le realiza las correspondientes aclaraciones sobre las rutas y la forma en que tiene que ir las instalaciones para el cumplimiento de los requerimientos brindados por parte del centro comercial, el punto cero saldrá desde piso 1 y entrara por la tubería correspondiente a la caja de datos que se encuentra en el local de Venecia.', NULL, NULL, NULL, NULL, NULL, NULL, NULL, NULL),
(443, 165, 15, NULL, NULL, 'foto_15_165_20251006_151755_1.jpg', NULL, NULL, NULL, NULL, NULL, NULL),
(444, 165, 16, NULL, NULL, 'foto_16_165_20251006_151755_1.jpg,foto_16_165_20251006_151755_2.jpg', NULL, NULL, NULL, NULL, NULL, NULL),
(445, 165, 17, NULL, NULL, 'formularios\\firmas\\firma_17_165_20251006_151755.png', NULL, 'Sergio rios', '1053848532', '', 'Sicte', 'Supervisor '),
(446, 165, 18, NULL, NULL, 'formularios\\firmas\\firma_18_165_20251006_151755.png', NULL, 'Juan camilo roa arango', '1192817324', '3112328411', 'Bacs', 'Tecnico ti '),
(447, 166, 11, 'Manizales', NULL, NULL, NULL, NULL, NULL, NULL, NULL, NULL),
(448, 166, 12, 'Caprii', NULL, NULL, NULL, NULL, NULL, NULL, NULL, NULL),
(449, 166, 13, 'Sicte (Claro)', NULL, NULL, NULL, NULL, NULL, NULL, NULL, NULL),
(450, 166, 14, 'Se realizo el recorrido para la viabilidad y también se reviso el ingreso al punto cero del local, se dio las respectivas recomendaciones siguiendo las directrices de instalación dadas por el centro comercial y por ultimo se verifico la ruta por donde pasa el cable garantizando la canalización del cableado ', NULL, NULL, NULL, NULL, NULL, NULL, NULL, NULL),
(451, 166, 15, NULL, NULL, 'foto_15_166_20251006_152537_1.jpg', NULL, NULL, NULL, NULL, NULL, NULL),
(452, 166, 16, NULL, NULL, 'foto_16_166_20251006_152537_1.jpg,foto_16_166_20251006_152537_2.jpg,foto_16_166_20251006_152537_3.jpg', NULL, NULL, NULL, NULL, NULL, NULL),
(453, 166, 17, NULL, NULL, 'formularios\\firmas\\firma_17_166_20251006_152537.png', NULL, 'Sergio rios', '1053848532', '', 'Sicte', 'Supervisor '),
(454, 166, 18, NULL, NULL, 'formularios\\firmas\\firma_18_166_20251006_152537.png', NULL, 'Juan camilo roa arango', '1192817324', '3112328411', 'Bacs', 'Tecnico ti '),
(455, 167, 11, 'Manizales', NULL, NULL, NULL, NULL, NULL, NULL, NULL, NULL),
(456, 167, 12, 'Dogus coffe', NULL, NULL, NULL, NULL, NULL, NULL, NULL, NULL),
(457, 167, 13, 'Sicte (Claro)', NULL, NULL, NULL, NULL, NULL, NULL, NULL, NULL),
(458, 167, 14, 'El cableado va a recorrer el piso uno por la bandeja de datos he ingresa por la parte de abajo del local Dogus coffe ingresando por la caja de datos que tienen instalado en la parte de atrás del local, se le indica al proveedor las recomendaciones y las directrices de instalación y la canalización correspondiente del cableado.', NULL, NULL, NULL, NULL, NULL, NULL, NULL, NULL),
(459, 167, 15, NULL, NULL, 'foto_15_167_20251006_153422_1.jpg', NULL, NULL, NULL, NULL, NULL, NULL),
(460, 167, 16, NULL, NULL, 'foto_16_167_20251006_153422_1.jpg,foto_16_167_20251006_153422_2.jpg', NULL, NULL, NULL, NULL, NULL, NULL),
(461, 167, 17, NULL, NULL, 'formularios\\firmas\\firma_17_167_20251006_153422.png', NULL, 'Sergio rios', '1053848532', '', 'Sicte', 'Supervisor '),
(462, 167, 18, NULL, NULL, 'formularios\\firmas\\firma_18_167_20251006_153422.png', NULL, 'Juan camilo roa arango', '1192817324', '3112328473', 'Bacs', 'Tecnico ti '),
(463, 168, 11, 'Manizales', NULL, NULL, NULL, NULL, NULL, NULL, NULL, NULL),
(464, 168, 12, 'Digital club', NULL, NULL, NULL, NULL, NULL, NULL, NULL, NULL),
(465, 168, 13, 'Sicte (Claro)', NULL, NULL, NULL, NULL, NULL, NULL, NULL, NULL),
(466, 168, 14, 'Esta instalación se encuentra con servicio actualmente, el momento al realizar la viabilidad se verifica que anterior locatario del mundo adecuo el local para que la intalacion quedara oculta se le hace la recomendación al proveedor de seguir la misma ruta y en la parte del techo seguir la ruta para la bandeja garantizando la instalación y siguiendo la normativa del centro comercial ', NULL, NULL, NULL, NULL, NULL, NULL, NULL, NULL),
(467, 168, 15, NULL, NULL, 'foto_15_168_20251006_154007_1.jpg', NULL, NULL, NULL, NULL, NULL, NULL),
(468, 168, 16, NULL, NULL, 'foto_16_168_20251006_154007_1.jpg,foto_16_168_20251006_154007_2.jpg', NULL, NULL, NULL, NULL, NULL, NULL),
(469, 168, 17, NULL, NULL, 'formularios\\firmas\\firma_17_168_20251006_154007.png', NULL, 'Sergio rios', '1053848532', '', 'Sicte', 'Supervisor '),
(470, 168, 18, NULL, NULL, 'formularios\\firmas\\firma_18_168_20251006_154007.png', NULL, 'Juan camilo roa arango', '1192817324', '3112328473', 'Bacs', 'Tecnico ti '),
(471, 169, 11, 'Barranquilla', NULL, NULL, NULL, NULL, NULL, NULL, NULL, NULL),
(472, 169, 12, 'Popsy', NULL, NULL, NULL, NULL, NULL, NULL, NULL, NULL),
(473, 169, 13, 'IFX', NULL, NULL, NULL, NULL, NULL, NULL, NULL, NULL),
(474, 169, 14, 'Se brinda acompañamiento a personal técnico de IFX en el recorrido de viabilidad para el tendido de fibra óptica para el local Popsy M0.', NULL, NULL, NULL, NULL, NULL, NULL, NULL, NULL),
(475, 169, 15, NULL, NULL, 'foto_15_169_20251020_112336_1.jpg', NULL, NULL, NULL, NULL, NULL, NULL),
(476, 169, 16, NULL, NULL, 'foto_16_169_20251020_112336_1.jpg,foto_16_169_20251020_112336_2.jpg,foto_16_169_20251020_112337_3.jpg,foto_16_169_20251020_112337_4.jpg', NULL, NULL, NULL, NULL, NULL, NULL),
(477, 169, 17, NULL, NULL, 'formularios\\firmas\\firma_17_169_20251020_112337.png', NULL, 'Keiner Vergara Altahona ', '1193050275', '3014489447', 'IFX', 'Técnico en telecomunicaciones '),
(478, 169, 18, NULL, NULL, 'formularios\\firmas\\firma_18_169_20251020_112337.png', NULL, 'Jeison Darío Carbonó Mendez ', '1151450076', '3204800613', 'BACS', 'Técnico TI'),
(479, 170, 11, 'Manizales', NULL, NULL, NULL, NULL, NULL, NULL, NULL, NULL),
(480, 170, 12, 'Turbo cars', NULL, NULL, NULL, NULL, NULL, NULL, NULL, NULL),
(481, 170, 13, 'claro', NULL, NULL, NULL, NULL, NULL, NULL, NULL, NULL),
(482, 170, 14, 'Se realiza el recorrido correspondiente ubicando la salida de la señal de claro, logramos identificar el local que se encuentra en la parte superior de olímpica, se revisa con proveedor y ellos se comprometen a sondear desde la parte de afuera para alcanzar el punto cero del local para no afectar el local de olímpica ', NULL, NULL, NULL, NULL, NULL, NULL, NULL, NULL),
(483, 170, 15, NULL, NULL, 'foto_15_170_20251021_145348_1.jpg', NULL, NULL, NULL, NULL, NULL, NULL),
(484, 170, 16, NULL, NULL, 'foto_16_170_20251021_145348_1.jpg,foto_16_170_20251021_145348_2.jpg', NULL, NULL, NULL, NULL, NULL, NULL),
(485, 170, 17, NULL, NULL, 'formularios\\firmas\\firma_17_170_20251021_145348.png', NULL, 'Sergio rios ', '1053848532', '3147645070', 'Sicte (Claro)', 'Supervisor '),
(486, 170, 18, NULL, NULL, 'formularios\\firmas\\firma_18_170_20251021_145348.png', NULL, 'Juan camilo roa arango', '1192817324', '3112328473', 'Bacs', 'Técnico ti '),
(487, 171, 11, 'Barranquilla', NULL, NULL, NULL, NULL, NULL, NULL, NULL, NULL),
(488, 171, 12, 'FiorGelato', NULL, NULL, NULL, NULL, NULL, NULL, NULL, NULL),
(489, 171, 13, 'Claro ', NULL, NULL, NULL, NULL, NULL, NULL, NULL, NULL),
(490, 171, 14, 'Se brinda acompañamiento a personal técnico de Claro para recorrido de viabilidad de tendido de fibra óptica para la isla FiorGelato M1 ', NULL, NULL, NULL, NULL, NULL, NULL, NULL, NULL),
(491, 171, 15, NULL, NULL, 'foto_15_171_20251023_102650_1.jpg', NULL, NULL, NULL, NULL, NULL, NULL),
(492, 171, 16, NULL, NULL, 'foto_16_171_20251023_102650_1.jpg,foto_16_171_20251023_102650_2.jpg', NULL, NULL, NULL, NULL, NULL, NULL),
(493, 171, 17, NULL, NULL, 'formularios\\firmas\\firma_17_171_20251023_102651.png', NULL, 'Ernesto Caballero Oñoro', '72015630', '3204882403', 'Claro ', 'Proyectista '),
(494, 171, 18, NULL, NULL, 'formularios\\firmas\\firma_18_171_20251023_102651.png', NULL, 'Jeison Darío Carbonó Mendez ', '1151450076', '3204800613', 'BACS', 'Técnico TI'),
(495, 174, 11, 'NQS', NULL, NULL, NULL, NULL, NULL, NULL, NULL, NULL),
(496, 174, 12, 'Cuarto de Proveedores ', NULL, NULL, NULL, NULL, NULL, NULL, NULL, NULL),
(497, 174, 13, 'ETB', NULL, NULL, NULL, NULL, NULL, NULL, NULL, NULL),
(498, 174, 14, 'Se realiza acompañamiento a personal de ETB quienes vienen a verificar Rack strip telefónico por cobre para retirarlo, el personal debe ingresar a cuartos técnicos para retirar cableado. Se le indica los permisos a solicitar para la actividad.', NULL, NULL, NULL, NULL, NULL, NULL, NULL, NULL),
(499, 174, 15, NULL, NULL, 'foto_15_174_20251027_100142_1.jpg,foto_15_174_20251027_100142_2.jpg', NULL, NULL, NULL, NULL, NULL, NULL),
(500, 174, 16, NULL, NULL, 'foto_16_174_20251027_100142_1.jpg', NULL, NULL, NULL, NULL, NULL, NULL),
(501, 174, 17, NULL, NULL, 'formularios\\firmas\\firma_17_174_20251027_100142.png', NULL, 'Angel Diaz', '1010160032', '3224507372', 'ETB', 'Auxiliar '),
(502, 174, 18, NULL, NULL, 'formularios\\firmas\\firma_18_174_20251027_100142.png', NULL, 'Andres Alexis Yate Lozano ', '1032442219', '3103139300', 'BACS', 'Técnico mantenimiento IT'),
(503, 175, 11, 'NQS', NULL, NULL, NULL, NULL, NULL, NULL, NULL, NULL),
(504, 175, 12, 'Macdonald ', NULL, NULL, NULL, NULL, NULL, NULL, NULL, NULL),
(505, 175, 13, 'Claro', NULL, NULL, NULL, NULL, NULL, NULL, NULL, NULL),
(506, 175, 14, 'Acompañamiento a personal de claro para viabilidad instalación de fibra local Macdonald, fibra principal y backups el personal debe reagendar la visita ya que no cuenta con la información completa de la caja a la que debe realizar la proyección de la instalación ', NULL, NULL, NULL, NULL, NULL, NULL, NULL, NULL),
(507, 175, 15, NULL, NULL, 'foto_15_175_20251031_122309_1.jpg', NULL, NULL, NULL, NULL, NULL, NULL),
(508, 175, 16, NULL, NULL, 'foto_16_175_20251031_122309_1.jpg', NULL, NULL, NULL, NULL, NULL, NULL),
(509, 175, 17, NULL, NULL, 'formularios\\firmas\\firma_17_175_20251031_122309.png', NULL, 'José Daniel Mendoza Suarez', '1069758315', '3122885842', 'Claro ', 'Técnico proyectista '),
(510, 175, 18, NULL, NULL, 'formularios\\firmas\\firma_18_175_20251031_122309.png', NULL, 'Andres Alexis Yate Lozano ', '1032442219', '3103139300', 'BACS', 'Técnico mantenimiento IT'),
(511, 176, 11, 'Manizales', NULL, NULL, NULL, NULL, NULL, NULL, NULL, NULL),
(512, 176, 12, 'Crepes y waffles', NULL, NULL, NULL, NULL, NULL, NULL, NULL, NULL),
(513, 176, 13, 'Media comerce', NULL, NULL, NULL, NULL, NULL, NULL, NULL, NULL),
(514, 176, 14, 'Se verifica punto cero del local y se traza la ruta de instalación teniendo en cuenta los parámetros exigidos por el centro comercial, se hace las respectivas recomendaciones  ', NULL, NULL, NULL, NULL, NULL, NULL, NULL, NULL),
(515, 176, 15, NULL, NULL, 'foto_15_176_20251110_082738_1.jpg', NULL, NULL, NULL, NULL, NULL, NULL),
(516, 176, 16, NULL, NULL, 'foto_16_176_20251110_082738_1.jpg,foto_16_176_20251110_082738_2.jpg,foto_16_176_20251110_082738_3.jpg', NULL, NULL, NULL, NULL, NULL, NULL),
(517, 176, 17, NULL, NULL, 'formularios\\firmas\\firma_17_176_20251110_082738.png', NULL, 'Cristian david piedrahita', '16073538', '', 'Media comerce', 'Técnico '),
(518, 176, 18, NULL, NULL, 'formularios\\firmas\\firma_18_176_20251110_082738.png', NULL, 'Juan camilo roa arango', '1192817324', '3112328473', 'Bacs', 'Tecnico ti '),
(519, 177, 11, 'Manizales', NULL, NULL, NULL, NULL, NULL, NULL, NULL, NULL),
(520, 177, 12, 'Baby fresh ', NULL, NULL, NULL, NULL, NULL, NULL, NULL, NULL),
(521, 177, 13, 'Tigo', NULL, NULL, NULL, NULL, NULL, NULL, NULL, NULL),
(522, 177, 14, 'Se procede a realizar el recorrido de la viabilidad esto garantizando el seguimiento de los parámetros exigidos por el centro comercial, se revisa canalización y se hacen las respectivas recomendaciones  ', NULL, NULL, NULL, NULL, NULL, NULL, NULL, NULL),
(523, 177, 15, NULL, NULL, 'foto_15_177_20251110_090800_1.jpg', NULL, NULL, NULL, NULL, NULL, NULL),
(524, 177, 16, NULL, NULL, 'foto_16_177_20251110_090800_1.jpg,foto_16_177_20251110_090800_2.jpg', NULL, NULL, NULL, NULL, NULL, NULL),
(525, 177, 17, NULL, NULL, 'formularios\\firmas\\firma_17_177_20251110_090800.png', NULL, 'ayton estiveen salazar escobar ', '1053834642', '', 'Tigo', 'Técnico '),
(526, 177, 18, NULL, NULL, 'formularios\\firmas\\firma_18_177_20251110_090800.png', NULL, 'Juan camilo roa arango', '1192817324', '3112328473', 'Bacs', 'Tecnico ti '),
(527, 178, 11, 'Manizales', NULL, NULL, NULL, NULL, NULL, NULL, NULL, NULL),
(528, 178, 12, 'trendly', NULL, NULL, NULL, NULL, NULL, NULL, NULL, NULL),
(529, 178, 13, 'Tigo', NULL, NULL, NULL, NULL, NULL, NULL, NULL, NULL),
(530, 178, 14, 'Se realiza revisión de la viabilidad para el local trendly en piso 2, se revisa la ruta y se autoriza la instalación sin novedades ', NULL, NULL, NULL, NULL, NULL, NULL, NULL, NULL),
(531, 178, 15, NULL, NULL, 'foto_15_178_20251111_154758_1.jpg', NULL, NULL, NULL, NULL, NULL, NULL),
(532, 178, 16, NULL, NULL, 'foto_16_178_20251111_154758_1.jpg,foto_16_178_20251111_154758_2.jpg', NULL, NULL, NULL, NULL, NULL, NULL),
(533, 178, 17, NULL, NULL, 'formularios\\firmas\\firma_17_178_20251111_154758.png', NULL, 'Julio eduardo idarraga chica', '75067077', '', 'Tigo', 'Supervisor '),
(534, 178, 18, NULL, NULL, 'formularios\\firmas\\firma_18_178_20251111_154758.png', NULL, 'Juan camilo roa arango ', '1192817324', '3112328473', 'Bacs', 'Tecnico ti ');

-- --------------------------------------------------------

--
-- Estructura de tabla para la tabla `respuesta_formulario`
--

CREATE TABLE `respuesta_formulario` (
  `id` int(11) NOT NULL,
  `formulario_id` int(11) NOT NULL,
  `diligenciado_por` int(11) NOT NULL,
  `fecha_diligenciamiento` datetime DEFAULT NULL,
  `estado` varchar(20) DEFAULT NULL,
  `archivo_pdf` varchar(500) DEFAULT NULL
) ENGINE=InnoDB DEFAULT CHARSET=utf8 COLLATE=utf8_unicode_ci;

--
-- Volcado de datos para la tabla `respuesta_formulario`
--

INSERT INTO `respuesta_formulario` (`id`, `formulario_id`, `diligenciado_por`, `fecha_diligenciamiento`, `estado`, `archivo_pdf`) VALUES
(1, 3, 1, '2025-09-16 19:37:35', 'Completado', 'formulario_Checklist_Proveedores_Locales_Mallplaza_1_20250916_1437.pdf'),
(2, 3, 1, '2025-09-16 19:43:16', 'Completado', 'formulario_Checklist_Proveedores_Locales_Mallplaza_2_20250916_1443.pdf'),
(3, 3, 1, '2025-09-16 19:51:13', 'Completado', 'formulario_Checklist_Proveedores_Locales_Mallplaza_3_20250916_1451.pdf'),
(4, 3, 1, '2025-09-16 19:57:48', 'Completado', 'formulario_Checklist_Proveedores_Locales_Mallplaza_4_20250916_1457.pdf'),
(5, 3, 1, '2025-09-16 20:00:59', 'Completado', 'formulario_Checklist_Proveedores_Locales_Mallplaza_5_20250916_1501.pdf'),
(6, 3, 1, '2025-09-16 20:06:12', 'Completado', NULL),
(7, 3, 1, '2025-09-16 20:07:21', 'Completado', NULL),
(8, 3, 1, '2025-09-16 20:10:05', 'Completado', 'formulario_Checklist_Proveedores_Locales_Mallplaza_8_20250916_1510.pdf'),
(9, 3, 1, '2025-09-16 20:11:37', 'Completado', NULL),
(10, 3, 1, '2025-09-16 20:15:15', 'Completado', NULL),
(11, 3, 1, '2025-09-16 20:15:42', 'Completado', NULL),
(12, 3, 1, '2025-09-16 20:16:13', 'Completado', NULL),
(13, 3, 1, '2025-09-16 20:21:24', 'Completado', 'formulario_Checklist_Proveedores_Locales_Mallplaza_13_20250916_1521.pdf'),
(14, 3, 1, '2025-09-16 20:23:11', 'Completado', NULL),
(15, 3, 1, '2025-09-16 20:23:32', 'Completado', NULL),
(16, 3, 1, '2025-09-16 20:26:06', 'Completado', NULL),
(17, 3, 1, '2025-09-16 20:30:15', 'Completado', NULL),
(18, 3, 1, '2025-09-16 20:47:13', 'Completado', 'formulario_Checklist_Proveedores_Locales_Mallplaza_18_20250916_154713.pdf'),
(19, 3, 1, '2025-09-16 20:54:40', 'Completado', NULL),
(20, 3, 1, '2025-09-16 20:57:46', 'Completado', NULL),
(21, 3, 1, '2025-09-16 21:00:56', 'Completado', NULL),
(22, 3, 1, '2025-09-16 21:03:06', 'Completado', 'documento_22_20250916_160306.pdf'),
(23, 3, 1, '2025-09-16 21:08:00', 'Completado', 'documento_23_20250916_160800.pdf'),
(24, 3, 1, '2025-09-16 21:12:50', 'Completado', 'documento_24_20250916_161250.pdf'),
(25, 3, 1, '2025-09-16 21:15:44', 'Completado', 'documento_25_20250916_161545.pdf'),
(26, 3, 1, '2025-09-16 21:19:29', 'Completado', 'documento_26_20250916_161929.pdf'),
(27, 3, 1, '2025-09-16 21:22:12', 'Completado', 'documento_27_20250916_162215.pdf'),
(28, 3, 1, '2025-09-16 21:26:24', 'Completado', 'documento_28_20250916_162625.pdf'),
(29, 3, 1, '2025-09-16 21:26:57', 'Completado', 'documento_29_20250916_162657.pdf'),
(30, 3, 1, '2025-09-16 21:30:31', 'Completado', 'documento_30_20250916_163032.pdf'),
(31, 3, 1, '2025-09-16 21:31:33', 'Completado', 'documento_31_20250916_163133.pdf'),
(32, 3, 1, '2025-09-17 13:09:55', 'Completado', 'documento_32_20250917_080956.pdf'),
(33, 3, 1, '2025-09-17 13:18:08', 'Completado', 'documento_33_20250917_081808.pdf'),
(34, 3, 1, '2025-09-17 13:23:27', 'Completado', 'documento_34_20250917_082327.pdf'),
(35, 3, 1, '2025-09-17 13:24:14', 'Completado', 'documento_35_20250917_082414.pdf'),
(36, 3, 1, '2025-09-17 13:38:37', 'Completado', 'documento_36_20250917_083837.pdf'),
(37, 3, 1, '2025-09-17 13:41:25', 'Completado', 'documento_37_20250917_084125.pdf'),
(38, 3, 1, '2025-09-17 13:49:51', 'Completado', 'documento_38_20250917_084951.pdf'),
(39, 3, 1, '2025-09-17 13:50:47', 'Completado', 'documento_39_20250917_085047.pdf'),
(40, 3, 1, '2025-09-17 13:50:52', 'Completado', 'documento_40_20250917_085052.pdf'),
(41, 3, 1, '2025-09-17 13:51:36', 'Completado', 'documento_41_20250917_085136.pdf'),
(42, 3, 1, '2025-09-17 13:52:04', 'Completado', 'documento_42_20250917_085204.pdf'),
(43, 3, 1, '2025-09-17 13:55:09', 'Completado', NULL),
(44, 3, 1, '2025-09-17 14:00:26', 'Completado', NULL),
(45, 3, 1, '2025-09-17 14:03:26', 'Completado', NULL),
(46, 3, 1, '2025-09-17 14:06:13', 'Completado', 'documento_46_20250917_090613.pdf'),
(47, 3, 1, '2025-09-17 14:09:30', 'Completado', NULL),
(48, 3, 1, '2025-09-17 14:09:55', 'Completado', NULL),
(49, 3, 1, '2025-09-17 14:13:45', 'Completado', 'documento_49_20250917_091345.pdf'),
(50, 3, 1, '2025-09-17 14:14:40', 'Completado', 'documento_50_20250917_091440.pdf'),
(51, 3, 1, '2025-09-17 14:15:45', 'Completado', 'documento_51_20250917_091545.pdf'),
(52, 3, 1, '2025-09-17 14:16:12', 'Completado', 'documento_52_20250917_091612.pdf'),
(53, 3, 1, '2025-09-17 14:21:21', 'Completado', 'documento_53_20250917_092121.pdf'),
(54, 3, 1, '2025-09-17 14:24:47', 'Completado', 'documento_54_20250917_092447.pdf'),
(55, 3, 1, '2025-09-17 14:26:18', 'Completado', 'documento_55_20250917_092618.pdf'),
(56, 3, 1, '2025-09-17 14:28:59', 'Completado', 'documento_56_20250917_092900.pdf'),
(57, 3, 1, '2025-09-17 14:29:22', 'Completado', 'documento_57_20250917_092922.pdf'),
(58, 3, 1, '2025-09-17 14:35:38', 'Completado', 'documento_58_20250917_093538.pdf'),
(59, 3, 1, '2025-09-17 14:38:24', 'Completado', 'documento_59_20250917_093824.pdf'),
(60, 3, 1, '2025-09-17 14:41:59', 'Completado', 'documento_60_20250917_094159.pdf'),
(61, 3, 1, '2025-09-17 14:46:00', 'Completado', 'documento_61_20250917_094600.pdf'),
(62, 3, 1, '2025-09-17 14:52:16', 'Completado', 'documento_62_20250917_095216.pdf'),
(63, 3, 1, '2025-09-17 15:02:40', 'Completado', 'documento_63_20250917_100240.pdf'),
(64, 3, 1, '2025-09-17 15:03:05', 'Completado', 'documento_64_20250917_100305.pdf'),
(65, 3, 1, '2025-09-17 15:13:51', 'Completado', 'documento_65_20250917_101351.pdf'),
(66, 3, 1, '2025-09-17 15:14:15', 'Completado', 'documento_66_20250917_101415.pdf'),
(67, 3, 1, '2025-09-17 15:20:28', 'Completado', 'documento_67_20250917_102028.pdf'),
(68, 3, 1, '2025-09-17 15:21:44', 'Completado', 'documento_68_20250917_102144.pdf'),
(69, 3, 1, '2025-09-17 15:24:57', 'Completado', 'documento_69_20250917_102458.pdf'),
(70, 3, 1, '2025-09-17 15:27:13', 'Completado', 'documento_70_20250917_102713.pdf'),
(71, 3, 1, '2025-09-17 15:38:06', 'Completado', 'documento_71_20250917_103807.pdf'),
(72, 3, 1, '2025-09-17 15:39:56', 'Completado', 'documento_72_20250917_103958.pdf'),
(73, 3, 1, '2025-09-17 15:43:56', 'Completado', 'documento_73_20250917_104359.pdf'),
(74, 3, 1, '2025-09-17 15:47:43', 'Completado', 'documento_74_20250917_104743.pdf'),
(75, 3, 1, '2025-09-17 15:49:17', 'Completado', 'documento_75_20250917_104917.pdf'),
(76, 3, 1, '2025-09-17 15:51:44', 'Completado', 'documento_76_20250917_105144.pdf'),
(77, 3, 1, '2025-09-17 15:53:19', 'Completado', 'documento_77_20250917_105319.pdf'),
(78, 3, 1, '2025-09-17 15:53:53', 'Completado', 'documento_78_20250917_105353.pdf'),
(79, 3, 1, '2025-09-17 15:55:27', 'Completado', 'documento_79_20250917_105527.pdf'),
(80, 3, 1, '2025-09-17 15:55:50', 'Completado', 'documento_80_20250917_105550.pdf'),
(81, 3, 1, '2025-09-17 15:57:53', 'Completado', 'documento_81_20250917_105753.pdf'),
(82, 3, 1, '2025-09-17 15:58:42', 'Completado', 'documento_82_20250917_105843.pdf'),
(83, 3, 1, '2025-09-17 15:59:13', 'Completado', 'documento_83_20250917_105913.pdf'),
(84, 3, 1, '2025-09-17 16:00:48', 'Completado', 'documento_84_20250917_110048.pdf'),
(85, 3, 1, '2025-09-17 16:01:14', 'Completado', 'documento_85_20250917_110114.pdf'),
(86, 3, 1, '2025-09-17 16:07:26', 'Completado', 'documento_86_20250917_110726.pdf'),
(87, 3, 1, '2025-09-17 16:07:48', 'Completado', 'documento_87_20250917_110748.pdf'),
(88, 3, 1, '2025-09-17 16:11:48', 'Completado', 'documento_88_20250917_111148.pdf'),
(89, 3, 1, '2025-09-17 16:19:57', 'Completado', 'documento_89_20250917_111957.pdf'),
(90, 3, 1, '2025-09-17 16:32:07', 'Completado', 'documento_90_20250917_113208.pdf'),
(91, 3, 1, '2025-09-17 16:35:30', 'Completado', 'documento_91_20250917_113530.pdf'),
(92, 3, 1, '2025-09-17 16:37:38', 'Completado', 'documento_92_20250917_113738.pdf'),
(93, 3, 1, '2025-09-17 16:38:09', 'Completado', 'documento_93_20250917_113810.pdf'),
(94, 3, 1, '2025-09-17 16:40:43', 'Completado', 'documento_94_20250917_114043.pdf'),
(95, 3, 1, '2025-09-17 16:41:22', 'Completado', 'documento_95_20250917_114122.pdf'),
(96, 3, 1, '2025-09-17 16:44:17', 'Completado', 'documento_96_20250917_114417.pdf'),
(97, 3, 1, '2025-09-17 16:47:47', 'Completado', 'documento_97_20250917_114747.pdf'),
(98, 3, 1, '2025-09-17 16:48:27', 'Completado', 'documento_98_20250917_114827.pdf'),
(99, 3, 1, '2025-09-17 17:03:04', 'Completado', 'documento_99_20250917_120307.pdf'),
(100, 3, 1, '2025-09-17 17:09:35', 'Completado', 'documento_100_20250917_120938.pdf'),
(101, 3, 1, '2025-09-17 17:11:50', 'Completado', 'documento_101_20250917_121152.pdf'),
(102, 3, 1, '2025-09-17 17:12:22', 'Completado', 'documento_102_20250917_121223.pdf'),
(103, 3, 1, '2025-09-17 17:18:00', 'Completado', 'formulario_Checklist_Proveedores_Locales_Mallplaza_103_20250917_121801.pdf'),
(104, 3, 1, '2025-09-17 17:18:24', 'Completado', 'formulario_Checklist_Proveedores_Locales_Mallplaza_104_20250917_121826.pdf'),
(105, 3, 1, '2025-09-17 17:30:45', 'Completado', NULL),
(106, 3, 1, '2025-09-17 19:35:14', 'Completado', NULL),
(107, 3, 1, '2025-09-17 19:36:51', 'Completado', 'formulario_Checklist_Proveedores_Locales_Mallplaza_107_20250917_143652.pdf'),
(108, 3, 1, '2025-09-17 19:38:57', 'Completado', 'formulario_Checklist_Proveedores_Locales_Mallplaza_108_20250917_143858.pdf'),
(109, 3, 1, '2025-09-17 19:49:28', 'Completado', 'documento_109_20250917_144929.pdf'),
(110, 3, 1, '2025-09-17 19:55:35', 'Completado', 'documento_110_20250917_145537.pdf'),
(111, 3, 1, '2025-09-17 19:56:04', 'Completado', 'documento_111_20250917_145604.pdf'),
(112, 3, 1, '2025-09-17 19:57:27', 'Completado', 'documento_112_20250917_145727.pdf'),
(113, 3, 1, '2025-09-17 20:01:22', 'Completado', 'documento_113_20250917_150123.pdf'),
(114, 3, 1, '2025-09-17 20:04:09', 'Completado', 'documento_114_20250917_150409.pdf'),
(115, 3, 1, '2025-09-17 20:09:15', 'Completado', 'documento_115_20250917_150915.pdf'),
(116, 3, 1, '2025-09-17 20:15:37', 'Completado', 'documento_116_20250917_151537.pdf'),
(117, 3, 1, '2025-09-17 20:17:22', 'Completado', 'documento_117_20250917_151722.pdf'),
(118, 3, 1, '2025-09-17 20:21:01', 'Completado', 'documento_118_20250917_152102.pdf'),
(119, 3, 1, '2025-09-17 20:24:49', 'Completado', 'documento_119_20250917_152449.pdf'),
(120, 3, 1, '2025-09-17 20:27:27', 'Completado', 'documento_120_20250917_152727.pdf'),
(121, 3, 1, '2025-09-17 20:36:39', 'Completado', 'documento_121_20250917_153639.pdf'),
(122, 3, 1, '2025-09-17 20:38:40', 'Completado', 'documento_122_20250917_153840.pdf'),
(123, 3, 1, '2025-09-17 20:41:40', 'Completado', 'documento_123_20250917_154140.pdf'),
(124, 3, 1, '2025-09-17 20:42:41', 'Completado', 'documento_124_20250917_154241.pdf'),
(125, 3, 1, '2025-09-17 20:44:02', 'Completado', 'documento_125_20250917_154402.pdf'),
(126, 3, 1, '2025-09-17 20:45:59', 'Completado', 'documento_126_20250917_154559.pdf'),
(127, 3, 1, '2025-09-17 20:50:22', 'Completado', 'documento_127_20250917_155023.pdf'),
(128, 3, 1, '2025-09-17 20:54:22', 'Completado', 'documento_128_20250917_155422.pdf'),
(129, 3, 1, '2025-09-17 20:56:46', 'Completado', 'documento_129_20250917_155646.pdf'),
(130, 3, 1, '2025-09-17 21:00:09', 'Completado', 'documento_130_20250917_160009.pdf'),
(131, 3, 1, '2025-09-17 21:01:38', 'Completado', 'documento_131_20250917_160139.pdf'),
(132, 3, 1, '2025-09-17 21:03:26', 'Completado', 'documento_132_20250917_160327.pdf'),
(133, 3, 1, '2025-09-17 21:11:46', 'Completado', 'documento_133_20250917_161147.pdf'),
(134, 3, 1, '2025-09-17 21:15:51', 'Completado', 'documento_134_20250917_161551.pdf'),
(135, 3, 1, '2025-09-17 21:18:47', 'Completado', 'documento_135_20250917_161848.pdf'),
(136, 3, 1, '2025-09-17 21:22:48', 'Completado', 'documento_136_20250917_162253.pdf'),
(137, 3, 1, '2025-09-17 21:24:29', 'Completado', NULL),
(138, 3, 1, '2025-09-17 21:27:05', 'Completado', NULL),
(139, 3, 1, '2025-09-17 21:29:46', 'Completado', 'documento_139_20250917_162946.pdf'),
(140, 3, 1, '2025-09-17 21:33:06', 'Completado', 'documento_140_20250917_163306.pdf'),
(141, 4, 1, '2025-09-17 21:58:02', 'Completado', 'documento_141_20250917_165806.pdf'),
(142, 4, 1, '2025-09-17 22:03:24', 'Completado', 'documento_142_20250917_170325.pdf'),
(143, 4, 1, '2025-09-17 22:04:55', 'Completado', 'documento_143_20250917_170455.pdf'),
(144, 4, 1, '2025-09-17 22:06:20', 'Completado', 'documento_144_20250917_170620.pdf'),
(145, 4, 1, '2025-09-17 22:09:25', 'Completado', 'documento_145_20250917_170925.pdf'),
(146, 4, 1, '2025-09-17 22:12:55', 'Completado', 'documento_146_20250917_171256.pdf'),
(147, 4, 1, '2025-09-17 22:19:45', 'Completado', 'documento_147_20250917_171951.pdf'),
(148, 4, 1, '2025-09-17 22:32:16', 'Completado', 'documento_148_20250917_173216.pdf'),
(149, 4, 2, '2025-09-17 22:35:07', 'Completado', 'documento_149_20250917_173508.pdf'),
(150, 4, 1, '2025-09-17 22:44:22', 'Completado', 'documento_150_20250917_174423.pdf'),
(151, 4, 1, '2025-09-17 22:47:10', 'Completado', 'documento_151_20250917_174711.pdf'),
(152, 4, 5, '2025-09-17 23:16:59', 'Completado', 'documento_152_20250917_181707.pdf'),
(155, 4, 1, '2025-09-26 20:58:32', 'Completado', 'documento_155_20250926_155835.pdf'),
(156, 4, 5, '2025-09-26 21:00:56', 'Completado', 'documento_156_20250926_160058.pdf'),
(158, 4, 5, '2025-09-26 21:16:19', 'Completado', 'documento_158_20250926_161626.pdf'),
(160, 4, 5, '2025-09-30 14:09:01', 'Completado', 'documento_160_20250930_090909.pdf'),
(161, 4, 5, '2025-09-30 17:07:23', 'Completado', 'documento_161_20250930_120732.pdf'),
(162, 4, 2, '2025-09-30 20:54:54', 'Completado', 'documento_162_20250930_155455.pdf'),
(163, 4, 5, '2025-10-01 20:54:18', 'Completado', 'documento_163_20251001_155456.pdf'),
(164, 4, 5, '2025-10-01 20:54:53', 'Completado', 'documento_164_20251001_155528.pdf'),
(165, 4, 2, '2025-10-06 20:17:55', 'Completado', 'documento_165_20251006_151756.pdf'),
(166, 4, 2, '2025-10-06 20:25:37', 'Completado', 'documento_166_20251006_152538.pdf'),
(167, 4, 2, '2025-10-06 20:34:22', 'Completado', 'documento_167_20251006_153423.pdf'),
(168, 4, 2, '2025-10-06 20:40:07', 'Completado', 'documento_168_20251006_154008.pdf'),
(169, 4, 6, '2025-10-20 16:23:35', 'Completado', 'documento_169_20251020_112346.pdf'),
(170, 4, 2, '2025-10-21 19:53:48', 'Completado', 'documento_170_20251021_145349.pdf'),
(171, 4, 6, '2025-10-23 15:26:47', 'Completado', 'documento_171_20251023_102658.pdf'),
(174, 4, 5, '2025-10-27 15:01:41', 'Completado', 'documento_174_20251027_100154.pdf'),
(175, 4, 5, '2025-10-31 17:23:01', 'Completado', 'documento_175_20251031_122314.pdf'),
(176, 4, 2, '2025-11-10 13:27:38', 'Completado', 'documento_176_20251110_082739.pdf'),
(177, 4, 2, '2025-11-10 14:08:00', 'Completado', 'documento_177_20251110_090801.pdf'),
(178, 4, 2, '2025-11-11 20:47:58', 'Completado', 'documento_178_20251111_154759.pdf');

-- --------------------------------------------------------

--
-- Estructura de tabla para la tabla `rol`
--

CREATE TABLE `rol` (
  `id` int(11) NOT NULL,
  `nombre` varchar(50) NOT NULL,
  `descripcion` text DEFAULT NULL
) ENGINE=InnoDB DEFAULT CHARSET=utf8 COLLATE=utf8_unicode_ci;

--
-- Volcado de datos para la tabla `rol`
--

INSERT INTO `rol` (`id`, `nombre`, `descripcion`) VALUES
(1, 'Administrador', 'Acceso completo al sistema'),
(2, 'Coordinador', 'Gestión de incidencias y asignación a técnicos'),
(3, 'Técnico', 'Edición de incidencias asignadas'),
(4, 'Usuario', 'Usuario estándar del sistema');

-- --------------------------------------------------------

--
-- Estructura de tabla para la tabla `sede`
--

CREATE TABLE `sede` (
  `id` int(11) NOT NULL,
  `cliente_id` int(11) NOT NULL,
  `nombre` varchar(200) NOT NULL,
  `direccion` text DEFAULT NULL,
  `telefono` varchar(20) DEFAULT NULL,
  `correo` varchar(120) DEFAULT NULL,
  `contacto_responsable` varchar(100) DEFAULT NULL,
  `cargo_responsable` varchar(100) DEFAULT NULL,
  `fecha_creacion` datetime DEFAULT NULL,
  `activo` tinyint(1) DEFAULT NULL
) ENGINE=InnoDB DEFAULT CHARSET=utf8 COLLATE=utf8_unicode_ci;

--
-- Volcado de datos para la tabla `sede`
--

INSERT INTO `sede` (`id`, `cliente_id`, `nombre`, `direccion`, `telefono`, `correo`, `contacto_responsable`, `cargo_responsable`, `fecha_creacion`, `activo`) VALUES
(1, 1, 'Manizales', 'AV Kevin Angel K14 #55D-251', '', '', '', '', '2025-10-06 15:27:48', 1),
(2, 1, 'Cartagena', '', '', '', '', '', '2025-10-06 15:27:58', 1),
(3, 1, 'NQS', '', '', '', '', '', '2025-10-06 15:28:06', 1),
(4, 1, 'Cali', '', '', '', '', '', '2025-10-06 15:28:12', 1),
(5, 1, 'Barranquilla', '', '', '', '', '', '2025-10-06 15:28:23', 1);

-- --------------------------------------------------------

--
-- Estructura de tabla para la tabla `sistema`
--

CREATE TABLE `sistema` (
  `id` int(11) NOT NULL,
  `nombre` varchar(100) NOT NULL,
  `descripcion` text DEFAULT NULL,
  `activo` tinyint(1) DEFAULT NULL,
  `fecha_creacion` datetime DEFAULT NULL
) ENGINE=InnoDB DEFAULT CHARSET=utf8 COLLATE=utf8_unicode_ci;

--
-- Volcado de datos para la tabla `sistema`
--

INSERT INTO `sistema` (`id`, `nombre`, `descripcion`, `activo`, `fecha_creacion`) VALUES
(1, 'CCTV', 'Sistema de videovigilancia y cámaras de seguridad', 1, '2025-09-16 17:15:08'),
(2, 'Control de Acceso', 'Sistemas de control de acceso y tarjetas', 1, '2025-09-16 17:15:08'),
(3, 'Alarmas', 'Sistemas de alarmas y detección de intrusos', 1, '2025-09-16 17:15:08'),
(4, 'Redes', 'Infraestructura de red y comunicaciones', 1, '2025-09-16 17:15:08'),
(5, 'Automatización', 'Sistemas de automatización y control', 1, '2025-09-16 17:15:08'),
(6, 'Iluminación', 'Sistemas de iluminación inteligente', 1, '2025-09-16 17:15:08'),
(7, 'Climatización', 'Sistemas de climatización y HVAC', 1, '2025-09-16 17:15:08'),
(8, 'Seguridad', 'Sistemas de seguridad perimetral', 1, '2025-09-16 17:15:08'),
(9, 'Comunicaciones', 'Sistemas de comunicación interna', 1, '2025-09-16 17:15:08'),
(10, 'Otros', 'Otros sistemas y servicios', 1, '2025-09-16 17:15:08');

-- --------------------------------------------------------

--
-- Estructura de tabla para la tabla `user`
--

CREATE TABLE `user` (
  `id` int(11) NOT NULL,
  `nombre` varchar(100) NOT NULL,
  `tipo_documento` varchar(20) NOT NULL,
  `numero_documento` varchar(20) NOT NULL,
  `telefono` varchar(20) NOT NULL,
  `correo` varchar(120) NOT NULL,
  `password_hash` varchar(128) DEFAULT NULL,
  `rol_id` int(11) NOT NULL,
  `fecha_creacion` datetime DEFAULT NULL
) ENGINE=InnoDB DEFAULT CHARSET=utf8 COLLATE=utf8_unicode_ci;

--
-- Volcado de datos para la tabla `user`
--

INSERT INTO `user` (`id`, `nombre`, `tipo_documento`, `numero_documento`, `telefono`, `correo`, `password_hash`, `rol_id`, `fecha_creacion`) VALUES
(1, 'Cristian Londoño', 'CC', '1059814504', '3105978216', 'cristian.londono@bacscol.com', 'pbkdf2:sha256:600000$9ErNFg8fvJObLOWW$1ceafe799d182a71cfbd5fc79721ed3539364f71add5e015cb9fb687b17e1eda', 1, '2025-09-16 17:15:09'),
(2, 'TI Manizales (Camilo Roa)', 'CC', '1192817324', '3112328473', 'ti.manizales@bacscol.com.co', 'pbkdf2:sha256:600000$7FG9FWakbkVDUCSL$39cea4fe14248b97a78f5919750ef2c9e9785f2f6747295e26b84e6ee6b8b274', 3, '2025-09-17 22:26:53'),
(3, 'TI Cartagena (Mario Cespedes)', 'CC', '1043636650', '3117963649', 'ti.cartagena@bacscol.com.co', 'pbkdf2:sha256:600000$wyNM11AB7yISoAiu$3e1e4d484e3facb589e83274c013a308132efc2a6b5ea766c58e3cb0af8547e1', 3, '2025-09-17 23:01:47'),
(4, 'TI Cali (Janer Echeverry)', 'CC', '1106333625', '3173992538', 'ti.cali@bacscol.com.co', 'pbkdf2:sha256:600000$La0UlmMN4EjEhYsp$378d135fa3eecc89ea392b2032d7a0287fdb97cfe64e58c2985a351d2a15c91b', 3, '2025-09-17 23:04:22'),
(5, 'TI Bogotá (Andrés Yate)', 'CC', '1032442219', '3103139300', 'ti.bogota@bacscol.com.co', 'pbkdf2:sha256:600000$F4SCkM2jdadiwo5i$7d0097983dea9aa766f13598e733040c30306711ba45753585dd09bb22bbbca2', 3, '2025-09-17 23:08:23'),
(6, 'TI Barranquilla (Jeison Carbono)', 'CC', '1151450076', '3204800613', 'ti.barranquilla@bacscol.com.co', 'pbkdf2:sha256:600000$Fq2uMuKeVlV0W2Kd$6cda79bf225d2062ed8b904459ce22f01822c3c15d165e71505bd10a971e1de8', 3, '2025-09-17 23:09:29');

--
-- Índices para tablas volcadas
--

--
-- Indices de la tabla `campo_formulario`
--
ALTER TABLE `campo_formulario`
  ADD PRIMARY KEY (`id`),
  ADD KEY `formulario_id` (`formulario_id`);

--
-- Indices de la tabla `cliente`
--
ALTER TABLE `cliente`
  ADD PRIMARY KEY (`id`),
  ADD UNIQUE KEY `numero_documento` (`numero_documento`);

--
-- Indices de la tabla `formulario`
--
ALTER TABLE `formulario`
  ADD PRIMARY KEY (`id`),
  ADD KEY `creado_por` (`creado_por`);

--
-- Indices de la tabla `incidencia`
--
ALTER TABLE `incidencia`
  ADD PRIMARY KEY (`id`),
  ADD UNIQUE KEY `indice` (`indice`),
  ADD KEY `tecnico_asignado` (`tecnico_asignado`),
  ADD KEY `creado_por` (`creado_por`),
  ADD KEY `cliente_id` (`cliente_id`),
  ADD KEY `sede_id` (`sede_id`),
  ADD KEY `sistema_id` (`sistema_id`);

--
-- Indices de la tabla `indice`
--
ALTER TABLE `indice`
  ADD PRIMARY KEY (`id`);

--
-- Indices de la tabla `respuesta_campo`
--
ALTER TABLE `respuesta_campo`
  ADD PRIMARY KEY (`id`),
  ADD KEY `respuesta_formulario_id` (`respuesta_formulario_id`),
  ADD KEY `campo_id` (`campo_id`);

--
-- Indices de la tabla `respuesta_formulario`
--
ALTER TABLE `respuesta_formulario`
  ADD PRIMARY KEY (`id`),
  ADD KEY `formulario_id` (`formulario_id`),
  ADD KEY `diligenciado_por` (`diligenciado_por`);

--
-- Indices de la tabla `rol`
--
ALTER TABLE `rol`
  ADD PRIMARY KEY (`id`),
  ADD UNIQUE KEY `nombre` (`nombre`);

--
-- Indices de la tabla `sede`
--
ALTER TABLE `sede`
  ADD PRIMARY KEY (`id`),
  ADD KEY `cliente_id` (`cliente_id`);

--
-- Indices de la tabla `sistema`
--
ALTER TABLE `sistema`
  ADD PRIMARY KEY (`id`),
  ADD UNIQUE KEY `nombre` (`nombre`);

--
-- Indices de la tabla `user`
--
ALTER TABLE `user`
  ADD PRIMARY KEY (`id`),
  ADD UNIQUE KEY `numero_documento` (`numero_documento`),
  ADD UNIQUE KEY `correo` (`correo`),
  ADD KEY `rol_id` (`rol_id`);

--
-- AUTO_INCREMENT de las tablas volcadas
--

--
-- AUTO_INCREMENT de la tabla `campo_formulario`
--
ALTER TABLE `campo_formulario`
  MODIFY `id` int(11) NOT NULL AUTO_INCREMENT, AUTO_INCREMENT=19;

--
-- AUTO_INCREMENT de la tabla `cliente`
--
ALTER TABLE `cliente`
  MODIFY `id` int(11) NOT NULL AUTO_INCREMENT, AUTO_INCREMENT=2;

--
-- AUTO_INCREMENT de la tabla `formulario`
--
ALTER TABLE `formulario`
  MODIFY `id` int(11) NOT NULL AUTO_INCREMENT, AUTO_INCREMENT=5;

--
-- AUTO_INCREMENT de la tabla `incidencia`
--
ALTER TABLE `incidencia`
  MODIFY `id` int(11) NOT NULL AUTO_INCREMENT;

--
-- AUTO_INCREMENT de la tabla `indice`
--
ALTER TABLE `indice`
  MODIFY `id` int(11) NOT NULL AUTO_INCREMENT, AUTO_INCREMENT=8;

--
-- AUTO_INCREMENT de la tabla `respuesta_campo`
--
ALTER TABLE `respuesta_campo`
  MODIFY `id` int(11) NOT NULL AUTO_INCREMENT, AUTO_INCREMENT=535;

--
-- AUTO_INCREMENT de la tabla `respuesta_formulario`
--
ALTER TABLE `respuesta_formulario`
  MODIFY `id` int(11) NOT NULL AUTO_INCREMENT, AUTO_INCREMENT=179;

--
-- AUTO_INCREMENT de la tabla `rol`
--
ALTER TABLE `rol`
  MODIFY `id` int(11) NOT NULL AUTO_INCREMENT, AUTO_INCREMENT=5;

--
-- AUTO_INCREMENT de la tabla `sede`
--
ALTER TABLE `sede`
  MODIFY `id` int(11) NOT NULL AUTO_INCREMENT, AUTO_INCREMENT=6;

--
-- AUTO_INCREMENT de la tabla `sistema`
--
ALTER TABLE `sistema`
  MODIFY `id` int(11) NOT NULL AUTO_INCREMENT, AUTO_INCREMENT=11;

--
-- AUTO_INCREMENT de la tabla `user`
--
ALTER TABLE `user`
  MODIFY `id` int(11) NOT NULL AUTO_INCREMENT, AUTO_INCREMENT=7;

--
-- Restricciones para tablas volcadas
--

--
-- Filtros para la tabla `campo_formulario`
--
ALTER TABLE `campo_formulario`
  ADD CONSTRAINT `campo_formulario_ibfk_1` FOREIGN KEY (`formulario_id`) REFERENCES `formulario` (`id`);

--
-- Filtros para la tabla `formulario`
--
ALTER TABLE `formulario`
  ADD CONSTRAINT `formulario_ibfk_1` FOREIGN KEY (`creado_por`) REFERENCES `user` (`id`);

--
-- Filtros para la tabla `incidencia`
--
ALTER TABLE `incidencia`
  ADD CONSTRAINT `incidencia_ibfk_1` FOREIGN KEY (`tecnico_asignado`) REFERENCES `user` (`id`),
  ADD CONSTRAINT `incidencia_ibfk_2` FOREIGN KEY (`creado_por`) REFERENCES `user` (`id`),
  ADD CONSTRAINT `incidencia_ibfk_3` FOREIGN KEY (`cliente_id`) REFERENCES `cliente` (`id`),
  ADD CONSTRAINT `incidencia_ibfk_4` FOREIGN KEY (`sede_id`) REFERENCES `sede` (`id`),
  ADD CONSTRAINT `incidencia_ibfk_5` FOREIGN KEY (`sistema_id`) REFERENCES `sistema` (`id`);

--
-- Filtros para la tabla `respuesta_campo`
--
ALTER TABLE `respuesta_campo`
  ADD CONSTRAINT `respuesta_campo_ibfk_1` FOREIGN KEY (`respuesta_formulario_id`) REFERENCES `respuesta_formulario` (`id`),
  ADD CONSTRAINT `respuesta_campo_ibfk_2` FOREIGN KEY (`campo_id`) REFERENCES `campo_formulario` (`id`);

--
-- Filtros para la tabla `respuesta_formulario`
--
ALTER TABLE `respuesta_formulario`
  ADD CONSTRAINT `respuesta_formulario_ibfk_1` FOREIGN KEY (`formulario_id`) REFERENCES `formulario` (`id`),
  ADD CONSTRAINT `respuesta_formulario_ibfk_2` FOREIGN KEY (`diligenciado_por`) REFERENCES `user` (`id`);

--
-- Filtros para la tabla `sede`
--
ALTER TABLE `sede`
  ADD CONSTRAINT `sede_ibfk_1` FOREIGN KEY (`cliente_id`) REFERENCES `cliente` (`id`);

--
-- Filtros para la tabla `user`
--
ALTER TABLE `user`
  ADD CONSTRAINT `user_ibfk_1` FOREIGN KEY (`rol_id`) REFERENCES `rol` (`id`);
COMMIT;

/*!40101 SET CHARACTER_SET_CLIENT=@OLD_CHARACTER_SET_CLIENT */;
/*!40101 SET CHARACTER_SET_RESULTS=@OLD_CHARACTER_SET_RESULTS */;
/*!40101 SET COLLATION_CONNECTION=@OLD_COLLATION_CONNECTION */;
